-- phpMyAdmin SQL Dump
-- version 5.2.1
-- https://www.phpmyadmin.net/
--
-- Servidor: 127.0.0.1
-- Tiempo de generación: 08-05-2026 a las 19:02:10
-- Versión del servidor: 10.4.32-MariaDB
-- Versión de PHP: 8.0.30

SET SQL_MODE = "NO_AUTO_VALUE_ON_ZERO";
START TRANSACTION;
SET time_zone = "+00:00";


/*!40101 SET @OLD_CHARACTER_SET_CLIENT=@@CHARACTER_SET_CLIENT */;
/*!40101 SET @OLD_CHARACTER_SET_RESULTS=@@CHARACTER_SET_RESULTS */;
/*!40101 SET @OLD_COLLATION_CONNECTION=@@COLLATION_CONNECTION */;
/*!40101 SET NAMES utf8mb4 */;

--
-- Base de datos: `wallapop`
--

-- --------------------------------------------------------

--
-- Estructura de tabla para la tabla `categoria`
--

CREATE TABLE `categoria` (
  `id_categoria` int(11) NOT NULL,
  `nombre` varchar(100) NOT NULL
) ENGINE=InnoDB DEFAULT CHARSET=utf8mb4 COLLATE=utf8mb4_general_ci;

--
-- Volcado de datos para la tabla `categoria`
--

INSERT INTO `categoria` (`id_categoria`, `nombre`) VALUES
(1, 'Tecnología'),
(2, 'Ropa'),
(3, 'Hogar'),
(4, 'Deporte'),
(5, 'Motor'),
(6, 'Electrónica'),
(7, 'Libros'),
(8, 'Juguetes'),
(9, 'Muebles'),
(10, 'Mascotas'),
(11, 'Belleza'),
(12, 'Salud'),
(13, 'Videojuegos'),
(14, 'Herramientas'),
(15, 'Jardinería'),
(16, 'Cocina'),
(17, 'Fotografía'),
(18, 'Música'),
(19, 'Coleccionismo'),
(20, 'Arte');

-- --------------------------------------------------------

--
-- Estructura de tabla para la tabla `comprador`
--

CREATE TABLE `comprador` (
  `id_usuario` int(11) NOT NULL
) ENGINE=InnoDB DEFAULT CHARSET=utf8mb4 COLLATE=utf8mb4_general_ci;

--
-- Volcado de datos para la tabla `comprador`
--

INSERT INTO `comprador` (`id_usuario`) VALUES
(201),
(202),
(203),
(204),
(205),
(206),
(207),
(208),
(209),
(210),
(211),
(212),
(213),
(214),
(215),
(216),
(217),
(218),
(219),
(220),
(221),
(222),
(223),
(224),
(225),
(226),
(227),
(228),
(229),
(230),
(231),
(232),
(233),
(234),
(235),
(236),
(237),
(238),
(239),
(240),
(241),
(242),
(243),
(244),
(245),
(246),
(247),
(248),
(249),
(250),
(251),
(252),
(253),
(254),
(255),
(256),
(257),
(258),
(259),
(260),
(261),
(262),
(263),
(264),
(265),
(266),
(267),
(268),
(269),
(270),
(271),
(272),
(273),
(274),
(275),
(276),
(277),
(278),
(279),
(280),
(281),
(282),
(283),
(284),
(285),
(286),
(287),
(288),
(289),
(290),
(291),
(292),
(293),
(294),
(295),
(296),
(297),
(298),
(299),
(300),
(301),
(302),
(303),
(304),
(305),
(306),
(307),
(308),
(309),
(310),
(311),
(312),
(313),
(314),
(315),
(316),
(317),
(318),
(319),
(320),
(321),
(322),
(323),
(324),
(325),
(326),
(327),
(328),
(329),
(330),
(331),
(332),
(333),
(334),
(335),
(336),
(337),
(338),
(339),
(340),
(341),
(342),
(343),
(344),
(345),
(346),
(347),
(348),
(349),
(350),
(351),
(352),
(353),
(354),
(355),
(356),
(357),
(358),
(359),
(360),
(361),
(362),
(363),
(364),
(365),
(366),
(367),
(368),
(369),
(370),
(371),
(372),
(373),
(374),
(375),
(376),
(377),
(378),
(379),
(380),
(381),
(382),
(383),
(384),
(385),
(386),
(387),
(388),
(389),
(390),
(391),
(392),
(393),
(394),
(395),
(396),
(397),
(398),
(399);

-- --------------------------------------------------------

--
-- Estructura de tabla para la tabla `favorito`
--

CREATE TABLE `favorito` (
  `id_usuario` int(11) NOT NULL,
  `id_producto` int(11) NOT NULL,
  `fecha_favorito` date DEFAULT NULL
) ENGINE=InnoDB DEFAULT CHARSET=utf8mb4 COLLATE=utf8mb4_general_ci;

--
-- Volcado de datos para la tabla `favorito`
--

INSERT INTO `favorito` (`id_usuario`, `id_producto`, `fecha_favorito`) VALUES
(2, 2, '2024-01-02'),
(3, 3, '2024-01-03'),
(4, 4, '2024-01-04'),
(5, 5, '2024-01-05'),
(6, 6, '2024-01-06'),
(7, 7, '2024-01-07'),
(8, 8, '2024-01-08'),
(9, 9, '2024-01-09'),
(10, 10, '2024-01-10'),
(11, 11, '2024-01-11'),
(12, 12, '2024-01-12'),
(13, 13, '2024-01-13'),
(14, 14, '2024-01-14'),
(15, 15, '2024-01-15'),
(16, 16, '2024-01-16'),
(17, 17, '2024-01-17'),
(18, 18, '2024-01-18'),
(19, 19, '2024-01-19'),
(20, 20, '2024-01-20'),
(21, 21, '2024-01-21'),
(22, 22, '2024-01-22'),
(23, 23, '2024-01-23'),
(24, 24, '2024-01-24'),
(25, 25, '2024-01-25'),
(26, 26, '2024-01-26'),
(27, 27, '2024-01-27'),
(28, 28, '2024-01-28'),
(29, 29, '2024-01-29'),
(30, 30, '2024-01-30'),
(31, 31, '2024-02-01'),
(32, 32, '2024-02-02'),
(33, 33, '2024-02-03'),
(34, 34, '2024-02-04'),
(35, 35, '2024-02-05'),
(36, 36, '2024-02-06'),
(37, 37, '2024-02-07'),
(38, 38, '2024-02-08'),
(39, 39, '2024-02-09'),
(40, 40, '2024-02-10'),
(41, 41, '2024-02-11'),
(42, 42, '2024-02-12'),
(43, 43, '2024-02-13'),
(44, 44, '2024-02-14'),
(45, 45, '2024-02-15'),
(46, 46, '2024-02-16'),
(47, 47, '2024-02-17'),
(48, 48, '2024-02-18'),
(49, 49, '2024-02-19'),
(50, 50, '2024-02-20'),
(51, 51, '2024-02-21'),
(52, 52, '2024-02-22'),
(53, 53, '2024-02-23'),
(54, 54, '2024-02-24'),
(55, 55, '2024-02-25'),
(56, 56, '2024-02-26'),
(57, 57, '2024-02-27'),
(58, 58, '2024-02-28'),
(59, 59, '2024-02-29'),
(60, 60, '0000-00-00'),
(61, 61, '0000-00-00'),
(62, 62, '2024-03-01'),
(63, 63, '2024-03-02'),
(64, 64, '2024-03-03'),
(65, 65, '2024-03-04'),
(66, 66, '2024-03-05'),
(67, 67, '2024-03-06'),
(68, 68, '2024-03-07'),
(69, 69, '2024-03-08'),
(70, 70, '2024-03-09'),
(71, 71, '2024-03-10'),
(72, 72, '2024-03-11'),
(73, 73, '2024-03-12'),
(74, 74, '2024-03-13'),
(75, 75, '2024-03-14'),
(76, 76, '2024-03-15'),
(77, 77, '2024-03-16'),
(78, 78, '2024-03-17'),
(79, 79, '2024-03-18'),
(80, 80, '2024-03-19'),
(81, 81, '2024-03-20'),
(82, 82, '2024-03-21'),
(83, 83, '2024-03-22'),
(84, 84, '2024-03-23'),
(85, 85, '2024-03-24'),
(86, 86, '2024-03-25'),
(87, 87, '2024-03-26'),
(88, 88, '2024-03-27'),
(89, 89, '2024-03-28'),
(90, 90, '2024-03-29'),
(91, 91, '2024-03-30'),
(92, 92, '2024-04-01'),
(93, 93, '2024-04-02'),
(94, 94, '2024-04-03'),
(95, 95, '2024-04-04'),
(96, 96, '2024-04-05'),
(97, 97, '2024-04-06'),
(98, 98, '2024-04-07'),
(99, 99, '2024-04-08'),
(100, 100, '2024-04-09'),
(101, 101, '2024-04-10'),
(102, 102, '2024-04-11'),
(103, 103, '2024-04-12'),
(104, 104, '2024-04-13'),
(105, 105, '2024-04-14'),
(106, 106, '2024-04-15'),
(107, 107, '2024-04-16'),
(108, 108, '2024-04-17'),
(109, 109, '2024-04-18'),
(110, 110, '2024-04-19'),
(111, 111, '2024-04-20'),
(112, 112, '2024-04-21'),
(113, 113, '2024-04-22'),
(114, 114, '2024-04-23'),
(115, 115, '2024-04-24'),
(116, 116, '2024-04-25'),
(117, 117, '2024-04-26'),
(118, 118, '2024-04-27'),
(119, 119, '2024-04-28'),
(120, 120, '2024-04-29'),
(121, 121, '2024-04-30'),
(122, 122, '2024-05-01'),
(123, 123, '2024-05-02'),
(124, 124, '2024-05-03'),
(125, 125, '2024-05-04'),
(126, 126, '2024-05-05'),
(127, 127, '2024-05-06'),
(128, 128, '2024-05-07'),
(129, 129, '2024-05-08'),
(130, 130, '2024-05-09'),
(131, 131, '2024-05-10'),
(132, 132, '2024-05-11'),
(133, 133, '2024-05-12'),
(134, 134, '2024-05-13'),
(135, 135, '2024-05-14'),
(136, 136, '2024-05-15'),
(137, 137, '2024-05-16'),
(138, 138, '2024-05-17'),
(139, 139, '2024-05-18'),
(140, 140, '2024-05-19'),
(141, 141, '2024-05-20'),
(142, 142, '2024-05-21'),
(143, 143, '2024-05-22'),
(144, 144, '2024-05-23'),
(145, 145, '2024-05-24'),
(146, 146, '2024-05-25'),
(147, 147, '2024-05-26'),
(148, 148, '2024-05-27'),
(149, 149, '2024-05-28'),
(150, 150, '2024-05-29'),
(151, 151, '2024-05-30'),
(152, 152, '2024-06-01'),
(153, 153, '2024-06-02'),
(154, 154, '2024-06-03'),
(155, 155, '2024-06-04'),
(156, 156, '2024-06-05'),
(157, 157, '2024-06-06'),
(158, 158, '2024-06-07'),
(159, 159, '2024-06-08'),
(160, 160, '2024-06-09'),
(161, 161, '2024-06-10'),
(162, 162, '2024-06-11'),
(163, 163, '2024-06-12'),
(164, 164, '2024-06-13'),
(165, 165, '2024-06-14'),
(166, 166, '2024-06-15'),
(167, 167, '2024-06-16'),
(168, 168, '2024-06-17'),
(169, 169, '2024-06-18'),
(170, 170, '2024-06-19'),
(171, 171, '2024-06-20'),
(172, 172, '2024-06-21'),
(173, 173, '2024-06-22'),
(174, 174, '2024-06-23'),
(175, 175, '2024-06-24'),
(176, 176, '2024-06-25'),
(177, 177, '2024-06-26'),
(178, 178, '2024-06-27'),
(179, 179, '2024-06-28'),
(180, 180, '2024-06-29'),
(181, 181, '2024-07-01'),
(182, 182, '2024-07-02'),
(183, 183, '2024-07-03'),
(184, 184, '2024-07-04'),
(185, 185, '2024-07-05'),
(186, 186, '2024-07-06'),
(187, 187, '2024-07-07'),
(188, 188, '2024-07-08'),
(189, 189, '2024-07-09'),
(190, 190, '2024-07-10'),
(191, 191, '2024-07-11'),
(192, 192, '2024-07-12'),
(193, 193, '2024-07-13'),
(194, 194, '2024-07-14'),
(195, 195, '2024-07-15'),
(196, 196, '2024-07-16'),
(197, 197, '2024-07-17'),
(198, 198, '2024-07-18'),
(199, 199, '2024-07-19'),
(200, 200, '2024-07-20');

-- --------------------------------------------------------

--
-- Estructura de tabla para la tabla `mensaje`
--

CREATE TABLE `mensaje` (
  `id_mensaje` int(11) NOT NULL,
  `id_emisor` int(11) DEFAULT NULL,
  `id_receptor` int(11) DEFAULT NULL,
  `contenido` text DEFAULT NULL,
  `fecha_envio` date DEFAULT NULL
) ENGINE=InnoDB DEFAULT CHARSET=utf8mb4 COLLATE=utf8mb4_general_ci;

--
-- Volcado de datos para la tabla `mensaje`
--

INSERT INTO `mensaje` (`id_mensaje`, `id_emisor`, `id_receptor`, `contenido`, `fecha_envio`) VALUES
(1, 1, 1, 'Hola como estas', '2024-01-01'),
(2, 2, 2, 'si esta disponible', '2024-01-02'),
(3, 3, 3, 'me interesa', '2024-01-03'),
(4, 4, 4, 'perfecto hablamos', '2024-01-04'),
(5, 5, 5, 'Hola como estas', '2024-01-05'),
(6, 6, 6, 'si esta disponible', '2024-01-06'),
(7, 7, 7, 'me interesa', '2024-01-07'),
(8, 8, 8, 'perfecto hablamos', '2024-01-08'),
(9, 9, 9, 'Hola como estas', '2024-01-09'),
(10, 10, 10, 'si esta disponible', '2024-01-10'),
(11, 11, 11, 'me interesa', '2024-01-11'),
(12, 12, 12, 'perfecto hablamos', '2024-01-12'),
(13, 13, 13, 'Hola como estas', '2024-01-13'),
(14, 14, 14, 'si esta disponible', '2024-01-14'),
(15, 15, 15, 'me interesa', '2024-01-15'),
(16, 16, 16, 'perfecto hablamos', '2024-01-16'),
(17, 17, 17, 'Hola como estas', '2024-01-17'),
(18, 18, 18, 'si esta disponible', '2024-01-18'),
(19, 19, 19, 'me interesa', '2024-01-19'),
(20, 20, 20, 'perfecto hablamos', '2024-01-20'),
(21, 21, 21, 'Hola como estas', '2024-01-21'),
(22, 22, 22, 'si esta disponible', '2024-01-22'),
(23, 23, 23, 'me interesa', '2024-01-23'),
(24, 24, 24, 'perfecto hablamos', '2024-01-24'),
(25, 25, 25, 'Hola como estas', '2024-01-25'),
(26, 26, 26, 'si esta disponible', '2024-01-26'),
(27, 27, 27, 'me interesa', '2024-01-27'),
(28, 28, 28, 'perfecto hablamos', '2024-01-28'),
(29, 29, 29, 'Hola como estas', '2024-01-29'),
(30, 30, 30, 'si esta disponible', '2024-01-30'),
(31, 31, 31, 'me interesa', '2024-02-01'),
(32, 32, 32, 'perfecto hablamos', '2024-02-02'),
(33, 33, 33, 'Hola como estas', '2024-02-03'),
(34, 34, 34, 'si esta disponible', '2024-02-04'),
(35, 35, 35, 'me interesa', '2024-02-05'),
(36, 36, 36, 'perfecto hablamos', '2024-02-06'),
(37, 37, 37, 'Hola como estas', '2024-02-07'),
(38, 38, 38, 'si esta disponible', '2024-02-08'),
(39, 39, 39, 'me interesa', '2024-02-09'),
(40, 40, 40, 'perfecto hablamos', '2024-02-10'),
(41, 41, 41, 'Hola como estas', '2024-02-11'),
(42, 42, 42, 'si esta disponible', '2024-02-12'),
(43, 43, 43, 'me interesa', '2024-02-13'),
(44, 44, 44, 'perfecto hablamos', '2024-02-14'),
(45, 45, 45, 'Hola como estas', '2024-02-15'),
(46, 46, 46, 'si esta disponible', '2024-02-16'),
(47, 47, 47, 'me interesa', '2024-02-17'),
(48, 48, 48, 'perfecto hablamos', '2024-02-18'),
(49, 49, 49, 'Hola como estas', '2024-02-19'),
(50, 50, 50, 'si esta disponible', '2024-02-20'),
(51, 51, 51, 'me interesa', '2024-02-21'),
(52, 52, 52, 'perfecto hablamos', '2024-02-22'),
(53, 53, 53, 'Hola como estas', '2024-02-23'),
(54, 54, 54, 'si esta disponible', '2024-02-24'),
(55, 55, 55, 'me interesa', '2024-02-25'),
(56, 56, 56, 'perfecto hablamos', '2024-02-26'),
(57, 57, 57, 'Hola como estas', '2024-03-01'),
(58, 58, 58, 'si esta disponible', '2024-03-02'),
(59, 59, 59, 'me interesa', '2024-03-03'),
(60, 60, 60, 'perfecto hablamos', '2024-03-04'),
(61, 61, 61, 'Hola como estas', '2024-03-05'),
(62, 62, 62, 'si esta disponible', '2024-03-06'),
(63, 63, 63, 'me interesa', '2024-03-07'),
(64, 64, 64, 'perfecto hablamos', '2024-03-08'),
(65, 65, 65, 'Hola como estas', '2024-03-09'),
(66, 66, 66, 'si esta disponible', '2024-03-10'),
(67, 67, 67, 'me interesa', '2024-03-11'),
(68, 68, 68, 'perfecto hablamos', '2024-03-12'),
(69, 69, 69, 'Hola como estas', '2024-03-13'),
(70, 70, 70, 'si esta disponible', '2024-03-14'),
(71, 71, 71, 'me interesa', '2024-03-15'),
(72, 72, 72, 'perfecto hablamos', '2024-03-16'),
(73, 73, 73, 'Hola como estas', '2024-03-17'),
(74, 74, 74, 'si esta disponible', '2024-03-18'),
(75, 75, 75, 'me interesa', '2024-03-19'),
(76, 76, 76, 'perfecto hablamos', '2024-03-20'),
(77, 77, 77, 'Hola como estas', '2024-03-21'),
(78, 78, 78, 'si esta disponible', '2024-03-22'),
(79, 79, 79, 'me interesa', '2024-03-23'),
(80, 80, 80, 'perfecto hablamos', '2024-03-24'),
(81, 81, 81, 'Hola como estas', '2024-03-25'),
(82, 82, 82, 'si esta disponible', '2024-03-26'),
(83, 83, 83, 'me interesa', '2024-03-27'),
(84, 84, 84, 'perfecto hablamos', '2024-03-28'),
(85, 85, 85, 'Hola como estas', '2024-03-29'),
(86, 86, 86, 'si esta disponible', '2024-03-30'),
(87, 87, 87, 'me interesa', '2024-04-01'),
(88, 88, 88, 'perfecto hablamos', '2024-04-02'),
(89, 89, 89, 'Hola como estas', '2024-04-03'),
(90, 90, 90, 'si esta disponible', '2024-04-04'),
(91, 91, 91, 'me interesa', '2024-04-05'),
(92, 92, 92, 'perfecto hablamos', '2024-04-06'),
(93, 93, 93, 'Hola como estas', '2024-04-07'),
(94, 94, 94, 'si esta disponible', '2024-04-08'),
(95, 95, 95, 'me interesa', '2024-04-09'),
(96, 96, 96, 'perfecto hablamos', '2024-04-10'),
(97, 97, 97, 'Hola como estas', '2024-04-11'),
(98, 98, 98, 'si esta disponible', '2024-04-12'),
(99, 99, 99, 'me interesa', '2024-04-13'),
(100, 100, 100, 'perfecto hablamos', '2024-04-14'),
(101, 101, 101, 'Hola como estas', '2024-04-15'),
(102, 102, 102, 'si esta disponible', '2024-04-16'),
(103, 103, 103, 'me interesa', '2024-04-17'),
(104, 104, 104, 'perfecto hablamos', '2024-04-18'),
(105, 105, 105, 'Hola como estas', '2024-04-19'),
(106, 106, 106, 'si esta disponible', '2024-04-20'),
(107, 107, 107, 'me interesa', '2024-04-21'),
(108, 108, 108, 'perfecto hablamos', '2024-04-22'),
(109, 109, 109, 'Hola como estas', '2024-04-23'),
(110, 110, 110, 'si esta disponible', '2024-04-24'),
(111, 111, 111, 'me interesa', '2024-04-25'),
(112, 112, 112, 'perfecto hablamos', '2024-04-26'),
(113, 113, 113, 'Hola como estas', '2024-04-27'),
(114, 114, 114, 'si esta disponible', '2024-04-28'),
(115, 115, 115, 'me interesa', '2024-04-29'),
(116, 116, 116, 'perfecto hablamos', '2024-04-30'),
(117, 117, 117, 'Hola como estas', '2024-05-01'),
(118, 118, 118, 'si esta disponible', '2024-05-02'),
(119, 119, 119, 'me interesa', '2024-05-03'),
(120, 120, 120, 'perfecto hablamos', '2024-05-04'),
(121, 121, 121, 'Hola como estas', '2024-05-05'),
(122, 122, 122, 'si esta disponible', '2024-05-06'),
(123, 123, 123, 'me interesa', '2024-05-07'),
(124, 124, 124, 'perfecto hablamos', '2024-05-08'),
(125, 125, 125, 'Hola como estas', '2024-05-09'),
(126, 126, 126, 'si esta disponible', '2024-05-10'),
(127, 127, 127, 'me interesa', '2024-05-11'),
(128, 128, 128, 'perfecto hablamos', '2024-05-12'),
(129, 129, 129, 'Hola como estas', '2024-05-13'),
(130, 130, 130, 'si esta disponible', '2024-05-14'),
(131, 131, 131, 'me interesa', '2024-05-15'),
(132, 132, 132, 'perfecto hablamos', '2024-05-16'),
(133, 133, 133, 'Hola como estas', '2024-05-17'),
(134, 134, 134, 'si esta disponible', '2024-05-18'),
(135, 135, 135, 'me interesa', '2024-05-19'),
(136, 136, 136, 'perfecto hablamos', '2024-05-20'),
(137, 137, 137, 'Hola como estas', '2024-05-21'),
(138, 138, 138, 'si esta disponible', '2024-05-22'),
(139, 139, 139, 'me interesa', '2024-05-23'),
(140, 140, 140, 'perfecto hablamos', '2024-05-24'),
(141, 141, 141, 'Hola como estas', '2024-05-25'),
(142, 142, 142, 'si esta disponible', '2024-05-26'),
(143, 143, 143, 'me interesa', '2024-05-27'),
(144, 144, 144, 'perfecto hablamos', '2024-05-28'),
(145, 145, 145, 'Hola como estas', '2024-05-29'),
(146, 146, 146, 'si esta disponible', '2024-05-30'),
(147, 147, 147, 'me interesa', '2024-05-31'),
(148, 148, 148, 'perfecto hablamos', '2024-06-01'),
(149, 149, 149, 'Hola como estas', '2024-06-02'),
(150, 150, 150, 'si esta disponible', '2024-06-03'),
(151, 151, 151, 'me interesa', '2024-06-04'),
(152, 152, 152, 'perfecto hablamos', '2024-06-05'),
(153, 153, 153, 'Hola como estas', '2024-06-06'),
(154, 154, 154, 'si esta disponible', '2024-06-07'),
(155, 155, 155, 'me interesa', '2024-06-08'),
(156, 156, 156, 'perfecto hablamos', '2024-06-09'),
(157, 157, 157, 'Hola como estas', '2024-06-10'),
(158, 158, 158, 'si esta disponible', '2024-06-11'),
(159, 159, 159, 'me interesa', '2024-06-12'),
(160, 160, 160, 'perfecto hablamos', '2024-06-13'),
(161, 161, 161, 'Hola como estas', '2024-06-14'),
(162, 162, 162, 'si esta disponible', '2024-06-15'),
(163, 163, 163, 'me interesa', '2024-06-16'),
(164, 164, 164, 'perfecto hablamos', '2024-06-17'),
(165, 165, 165, 'Hola como estas', '2024-06-18'),
(166, 166, 166, 'si esta disponible', '2024-06-19'),
(167, 167, 167, 'me interesa', '2024-06-20'),
(168, 168, 168, 'perfecto hablamos', '2024-06-21'),
(169, 169, 169, 'Hola como estas', '2024-06-22'),
(170, 170, 170, 'si esta disponible', '2024-06-23'),
(171, 171, 171, 'me interesa', '2024-06-24'),
(172, 172, 172, 'perfecto hablamos', '2024-06-25'),
(173, 173, 173, 'Hola como estas', '2024-06-26'),
(174, 174, 174, 'si esta disponible', '2024-06-27'),
(175, 175, 175, 'me interesa', '2024-06-28'),
(176, 176, 176, 'perfecto hablamos', '2024-06-29'),
(177, 177, 177, 'Hola como estas', '2024-06-30'),
(178, 178, 178, 'si esta disponible', '0000-00-00'),
(179, 179, 179, 'me interesa', '2024-07-01'),
(180, 180, 180, 'perfecto hablamos', '2024-07-02'),
(181, 181, 181, 'Hola como estas', '2024-07-03'),
(182, 182, 182, 'si esta disponible', '2024-07-04'),
(183, 183, 183, 'me interesa', '2024-07-05'),
(184, 184, 184, 'perfecto hablamos', '2024-07-06'),
(185, 185, 185, 'Hola como estas', '2024-07-07'),
(186, 186, 186, 'si esta disponible', '2024-07-08'),
(187, 187, 187, 'me interesa', '2024-07-09'),
(188, 188, 188, 'perfecto hablamos', '2024-07-10'),
(189, 189, 189, 'Hola como estas', '2024-07-11'),
(190, 190, 190, 'si esta disponible', '2024-07-12'),
(191, 191, 191, 'me interesa', '2024-07-13'),
(192, 192, 192, 'perfecto hablamos', '2024-07-14'),
(193, 193, 193, 'Hola como estas', '2024-07-15'),
(194, 194, 194, 'si esta disponible', '2024-07-16'),
(195, 195, 195, 'me interesa', '2024-07-17'),
(196, 196, 196, 'perfecto hablamos', '2024-07-18'),
(197, 197, 197, 'Hola como estas', '2024-07-19'),
(198, 198, 198, 'si esta disponible', '2024-07-20'),
(199, 199, 199, 'me interesa', '2024-07-21'),
(200, 200, 200, 'perfecto hablamos', '2024-07-22'),
(201, 201, 201, 'Hola como estas', '2024-07-23'),
(202, 202, 202, 'si esta disponible', '2024-07-24'),
(203, 203, 203, 'me interesa', '2024-07-25'),
(204, 204, 204, 'perfecto hablamos', '2024-07-26'),
(205, 205, 205, 'Hola como estas', '2024-07-27'),
(206, 206, 206, 'si esta disponible', '2024-07-28'),
(207, 207, 207, 'me interesa', '2024-07-29'),
(208, 208, 208, 'perfecto hablamos', '2024-07-30'),
(209, 209, 209, 'Hola como estas', '2024-08-01'),
(210, 210, 210, 'si esta disponible', '2024-08-02'),
(211, 211, 211, 'me interesa', '2024-08-03'),
(212, 212, 212, 'perfecto hablamos', '2024-08-04'),
(213, 213, 213, 'Hola como estas', '2024-08-05'),
(214, 214, 214, 'si esta disponible', '2024-08-06'),
(215, 215, 215, 'me interesa', '2024-08-07'),
(216, 216, 216, 'perfecto hablamos', '2024-08-08'),
(217, 217, 217, 'Hola como estas', '2024-08-09'),
(218, 218, 218, 'si esta disponible', '2024-08-10'),
(219, 219, 219, 'me interesa', '2024-08-11'),
(220, 220, 220, 'perfecto hablamos', '2024-08-12'),
(221, 221, 221, 'Hola como estas', '2024-08-13'),
(222, 222, 222, 'si esta disponible', '2024-08-14'),
(223, 223, 223, 'me interesa', '2024-08-15'),
(224, 224, 224, 'perfecto hablamos', '2024-08-16'),
(225, 225, 225, 'Hola como estas', '2024-08-17'),
(226, 226, 226, 'si esta disponible', '2024-08-18'),
(227, 227, 227, 'me interesa', '2024-08-19'),
(228, 228, 228, 'perfecto hablamos', '2024-08-20'),
(229, 229, 229, 'Hola como estas', '2024-08-21'),
(230, 230, 230, 'si esta disponible', '2024-08-22'),
(231, 231, 231, 'me interesa', '2024-08-23'),
(232, 232, 232, 'perfecto hablamos', '2024-08-24'),
(233, 233, 233, 'Hola como estas', '2024-08-25'),
(234, 234, 234, 'si esta disponible', '2024-08-26'),
(235, 235, 235, 'me interesa', '2024-08-27'),
(236, 236, 236, 'perfecto hablamos', '2024-08-28'),
(237, 237, 237, 'Hola como estas', '2024-08-29'),
(238, 238, 238, 'si esta disponible', '2024-08-30'),
(239, 239, 239, 'me interesa', '2024-09-01'),
(240, 240, 240, 'perfecto hablamos', '2024-09-02'),
(241, 241, 241, 'Hola como estas', '2024-09-03'),
(242, 242, 242, 'si esta disponible', '2024-09-04'),
(243, 243, 243, 'me interesa', '2024-09-05'),
(244, 244, 244, 'perfecto hablamos', '2024-09-06'),
(245, 245, 245, 'Hola como estas', '2024-09-07'),
(246, 246, 246, 'si esta disponible', '2024-09-08'),
(247, 247, 247, 'me interesa', '2024-09-09'),
(248, 248, 248, 'perfecto hablamos', '2024-09-10'),
(249, 249, 249, 'Hola como estas', '2024-09-11'),
(250, 250, 250, 'si esta disponible', '2024-09-12'),
(251, 251, 251, 'me interesa', '2024-09-13'),
(252, 252, 252, 'perfecto hablamos', '2024-09-14'),
(253, 253, 253, 'Hola como estas', '2024-09-15'),
(254, 254, 254, 'si esta disponible', '2024-09-16'),
(255, 255, 255, 'me interesa', '2024-09-17'),
(256, 256, 256, 'perfecto hablamos', '2024-09-18'),
(257, 257, 257, 'Hola como estas', '2024-09-19'),
(258, 258, 258, 'si esta disponible', '2024-09-20'),
(259, 259, 259, 'me interesa', '2024-09-21'),
(260, 260, 260, 'perfecto hablamos', '2024-09-22'),
(261, 261, 261, 'Hola como estas', '2024-09-23'),
(262, 262, 262, 'si esta disponible', '2024-09-24'),
(263, 263, 263, 'me interesa', '2024-09-25'),
(264, 264, 264, 'perfecto hablamos', '2024-09-26'),
(265, 265, 265, 'Hola como estas', '2024-09-27'),
(266, 266, 266, 'si esta disponible', '2024-09-28'),
(267, 267, 267, 'me interesa', '2024-09-29'),
(268, 268, 268, 'perfecto hablamos', '2024-09-30'),
(269, 269, 269, 'Hola como estas', '0000-00-00'),
(270, 270, 270, 'si esta disponible', '2024-10-01'),
(271, 271, 271, 'me interesa', '2024-10-02'),
(272, 272, 272, 'perfecto hablamos', '2024-10-03'),
(273, 273, 273, 'Hola como estas', '2024-10-04'),
(274, 274, 274, 'si esta disponible', '2024-10-05'),
(275, 275, 275, 'me interesa', '2024-10-06'),
(276, 276, 276, 'perfecto hablamos', '2024-10-07'),
(277, 277, 277, 'Hola como estas', '2024-10-08'),
(278, 278, 278, 'si esta disponible', '2024-10-09'),
(279, 279, 279, 'me interesa', '2024-10-10'),
(280, 280, 280, 'perfecto hablamos', '2024-10-11'),
(281, 281, 281, 'Hola como estas', '2024-10-12'),
(282, 282, 282, 'si esta disponible', '2024-10-13'),
(283, 283, 283, 'me interesa', '2024-10-14'),
(284, 284, 284, 'perfecto hablamos', '2024-10-15'),
(285, 285, 285, 'Hola como estas', '2024-10-16'),
(286, 286, 286, 'si esta disponible', '2024-10-17'),
(287, 287, 287, 'me interesa', '2024-10-18'),
(288, 288, 288, 'perfecto hablamos', '2024-10-19'),
(289, 289, 289, 'Hola como estas', '2024-10-20'),
(290, 290, 290, 'si esta disponible', '2024-10-21'),
(291, 291, 291, 'me interesa', '2024-10-22'),
(292, 292, 292, 'perfecto hablamos', '2024-10-23'),
(293, 293, 293, 'Hola como estas', '2024-10-24'),
(294, 294, 294, 'si esta disponible', '2024-10-25'),
(295, 295, 295, 'me interesa', '2024-10-26'),
(296, 296, 296, 'perfecto hablamos', '2024-10-27'),
(297, 297, 297, 'Hola como estas', '2024-10-28'),
(298, 298, 298, 'si esta disponible', '2024-11-01'),
(299, 299, 299, 'me interesa', '2024-11-02'),
(300, 300, 300, 'perfecto hablamos', '2024-11-03'),
(301, 301, 301, 'Hola como estas', '2024-11-04'),
(302, 302, 302, 'si esta disponible', '2024-11-05'),
(303, 303, 303, 'me interesa', '2024-11-06'),
(304, 304, 304, 'perfecto hablamos', '2024-11-07'),
(305, 305, 305, 'Hola como estas', '2024-11-08'),
(306, 306, 306, 'si esta disponible', '2024-11-09'),
(307, 307, 307, 'me interesa', '2024-11-10'),
(308, 308, 308, 'perfecto hablamos', '2024-11-11'),
(309, 309, 309, 'Hola como estas', '2024-11-12'),
(310, 310, 310, 'si esta disponible', '2024-11-13'),
(311, 311, 311, 'me interesa', '2024-11-14'),
(312, 312, 312, 'perfecto hablamos', '2024-11-15'),
(313, 313, 313, 'Hola como estas', '2024-11-16'),
(314, 314, 314, 'si esta disponible', '2024-11-17'),
(315, 315, 315, 'me interesa', '2024-11-18'),
(316, 316, 316, 'perfecto hablamos', '2024-11-19'),
(317, 317, 317, 'Hola como estas', '2024-11-20'),
(318, 318, 318, 'si esta disponible', '2024-11-21'),
(319, 319, 319, 'me interesa', '2024-11-22'),
(320, 320, 320, 'perfecto hablamos', '2024-11-23'),
(321, 321, 321, 'Hola como estas', '2024-11-24'),
(322, 322, 322, 'si esta disponible', '2024-11-25'),
(323, 323, 323, 'me interesa', '2024-11-26'),
(324, 324, 324, 'perfecto hablamos', '2024-11-27'),
(325, 325, 325, 'Hola como estas', '2024-11-28'),
(326, 326, 326, 'si esta disponible', '2024-11-29'),
(327, 327, 327, 'me interesa', '2024-11-30'),
(328, 328, 328, 'perfecto hablamos', '2024-12-01'),
(329, 329, 329, 'Hola como estas', '2024-12-02'),
(330, 330, 330, 'si esta disponible', '2024-12-03'),
(331, 331, 331, 'me interesa', '2024-12-04'),
(332, 332, 332, 'perfecto hablamos', '2024-12-05'),
(333, 333, 333, 'Hola como estas', '2024-12-06'),
(334, 334, 334, 'si esta disponible', '2024-12-07'),
(335, 335, 335, 'me interesa', '2024-12-08'),
(336, 336, 336, 'perfecto hablamos', '2024-12-09'),
(337, 337, 337, 'Hola como estas', '2024-12-10'),
(338, 338, 338, 'si esta disponible', '2024-12-11'),
(339, 339, 339, 'me interesa', '2024-12-12'),
(340, 340, 340, 'perfecto hablamos', '2024-12-13'),
(341, 341, 341, 'Hola como estas', '2024-12-14'),
(342, 342, 342, 'si esta disponible', '2024-12-15'),
(343, 343, 343, 'me interesa', '2024-12-16'),
(344, 344, 344, 'perfecto hablamos', '2024-12-17'),
(345, 345, 345, 'Hola como estas', '2024-12-18'),
(346, 346, 346, 'si esta disponible', '2024-12-19'),
(347, 347, 347, 'me interesa', '2024-12-20'),
(348, 348, 348, 'perfecto hablamos', '2024-12-21'),
(349, 349, 349, 'Hola como estas', '2024-12-22'),
(350, 350, 350, 'si esta disponible', '2024-12-23'),
(351, 351, 351, 'me interesa', '2024-12-24'),
(352, 352, 352, 'perfecto hablamos', '2024-12-25'),
(353, 353, 353, 'Hola como estas', '2024-12-26'),
(354, 354, 354, 'si esta disponible', '2024-12-27'),
(355, 355, 355, 'me interesa', '2024-12-28'),
(356, 356, 356, 'perfecto hablamos', '2024-12-29'),
(357, 357, 357, 'Hola como estas', '2024-12-30'),
(358, 358, 358, 'si esta disponible', '2024-12-31'),
(359, 359, 359, 'me interesa', '2025-01-01'),
(360, 360, 360, 'perfecto hablamos', '2025-01-02'),
(361, 361, 361, 'Hola como estas', '2025-01-03'),
(362, 362, 362, 'si esta disponible', '2025-01-04'),
(363, 363, 363, 'me interesa', '2025-01-05'),
(364, 364, 364, 'perfecto hablamos', '2025-01-06'),
(365, 365, 365, 'Hola como estas', '2025-01-07'),
(366, 366, 366, 'si esta disponible', '2025-01-08'),
(367, 367, 367, 'me interesa', '2025-01-09'),
(368, 368, 368, 'perfecto hablamos', '2025-01-10'),
(369, 369, 369, 'Hola como estas', '2025-01-11'),
(370, 370, 370, 'si esta disponible', '2025-01-12'),
(371, 371, 371, 'me interesa', '2025-01-13'),
(372, 372, 372, 'perfecto hablamos', '2025-01-14'),
(373, 373, 373, 'Hola como estas', '2025-01-15'),
(374, 374, 374, 'si esta disponible', '2025-01-16'),
(375, 375, 375, 'me interesa', '2025-01-17'),
(376, 376, 376, 'perfecto hablamos', '2025-01-18'),
(377, 377, 377, 'Hola como estas', '2025-01-19'),
(378, 378, 378, 'si esta disponible', '2025-01-20'),
(379, 379, 379, 'me interesa', '2025-01-21'),
(380, 380, 380, 'perfecto hablamos', '2025-01-22'),
(381, 381, 381, 'Hola como estas', '2025-01-23'),
(382, 382, 382, 'si esta disponible', '2025-01-24'),
(383, 383, 383, 'me interesa', '2025-01-25'),
(384, 384, 384, 'perfecto hablamos', '2025-01-26'),
(385, 385, 385, 'Hola como estas', '2025-01-27'),
(386, 386, 386, 'si esta disponible', '2025-01-28'),
(387, 387, 387, 'me interesa', '2025-01-29'),
(388, 388, 388, 'perfecto hablamos', '2025-01-30'),
(389, 389, 389, 'Hola como estas', '2026-02-01'),
(390, 390, 390, 'si esta disponible', '2026-02-02'),
(391, 391, 391, 'me interesa', '2026-02-03'),
(392, 392, 392, 'perfecto hablamos', '2026-02-04'),
(393, 393, 393, 'Hola como estas', '2026-02-05'),
(394, 394, 394, 'si esta disponible', '2026-02-06'),
(395, 395, 395, 'me interesa', '2026-02-07'),
(396, 396, 396, 'perfecto hablamos', '2026-02-08'),
(397, 397, 397, 'Hola como estas', '2026-02-09'),
(398, 398, 398, 'si esta disponible', '2026-02-10'),
(399, 399, 399, 'me interesa', '2026-02-11');

-- --------------------------------------------------------

--
-- Estructura de tabla para la tabla `producto`
--

CREATE TABLE `producto` (
  `id_producto` int(11) NOT NULL,
  `titulo` varchar(100) DEFAULT NULL,
  `descripcion` text DEFAULT NULL,
  `precio` decimal(10,2) DEFAULT NULL,
  `fecha_publicacion` date DEFAULT NULL,
  `estado` varchar(50) DEFAULT NULL,
  `id_vendedor` int(11) DEFAULT NULL
) ENGINE=InnoDB DEFAULT CHARSET=utf8mb4 COLLATE=utf8mb4_general_ci;

--
-- Volcado de datos para la tabla `producto`
--

INSERT INTO `producto` (`id_producto`, `titulo`, `descripcion`, `precio`, `fecha_publicacion`, `estado`, `id_vendedor`) VALUES
(1, 'producto1', 'Movil buen estado', 999.00, '2024-01-01', 'Disponible', 1),
(2, 'producto2', 'Zapataillas nuevas', 167.00, '2024-01-02', 'Disponible ', 2),
(3, 'producto3', 'Mesa de madera', 404.00, '2024-01-03', 'Vendido', 3),
(4, 'producto4', 'Movil buen estado', 259.00, '2024-01-04', 'Disponible', 4),
(5, 'producto5', 'Zapataillas nuevas', 371.00, '2024-01-05', 'Disponible ', 5),
(6, 'producto6', 'Mesa de madera', 189.00, '2024-01-06', 'Vendido', 6),
(7, 'producto7', 'Movil buen estado', 269.00, '2024-01-07', 'Disponible', 7),
(8, 'producto8', 'Zapataillas nuevas', 88.00, '2024-01-08', 'Disponible ', 8),
(9, 'producto9', 'Mesa de madera', 491.00, '2024-01-09', 'Vendido', 9),
(10, 'producto10', 'Movil buen estado', 236.00, '2024-01-10', 'Disponible', 10),
(11, 'producto11', 'Zapataillas nuevas', 99.00, '2024-01-11', 'Disponible ', 11),
(12, 'producto12', 'Mesa de madera', 487.00, '2024-01-12', 'Vendido', 12),
(13, 'producto13', 'Movil buen estado', 464.00, '2024-01-13', 'Disponible', 13),
(14, 'producto14', 'Zapataillas nuevas', 64.00, '2024-01-14', 'Disponible ', 14),
(15, 'producto15', 'Mesa de madera', 464.00, '2024-01-15', 'Vendido', 15),
(16, 'producto16', 'Movil buen estado', 312.00, '2024-01-16', 'Disponible', 16),
(17, 'producto17', 'Zapataillas nuevas', 80.00, '2024-01-17', 'Disponible ', 17),
(18, 'producto18', 'Mesa de madera', 359.00, '2024-01-18', 'Vendido', 18),
(19, 'producto19', 'Movil buen estado', 219.00, '2024-01-19', 'Disponible', 19),
(20, 'producto20', 'Zapataillas nuevas', 125.00, '2024-01-20', 'Disponible ', 20),
(21, 'producto21', 'Mesa de madera', 360.00, '2024-01-21', 'Vendido', 21),
(22, 'producto22', 'Movil buen estado', 441.00, '2024-01-22', 'Disponible', 22),
(23, 'producto23', 'Zapataillas nuevas', 341.00, '2024-01-23', 'Disponible ', 23),
(24, 'producto24', 'Mesa de madera', 412.00, '2024-01-24', 'Vendido', 24),
(25, 'producto25', 'Movil buen estado', 254.00, '2024-01-25', 'Disponible', 25),
(26, 'producto26', 'Zapataillas nuevas', 152.00, '2024-01-26', 'Disponible ', 26),
(27, 'producto27', 'Mesa de madera', 179.00, '2024-01-27', 'Vendido', 27),
(28, 'producto28', 'Movil buen estado', 63.00, '2024-01-28', 'Disponible', 28),
(29, 'producto29', 'Zapataillas nuevas', 335.00, '2024-01-29', 'Disponible ', 29),
(30, 'producto30', 'Mesa de madera', 27.00, '2024-01-30', 'Vendido', 30),
(31, 'producto31', 'Movil buen estado', 432.00, '2024-01-31', 'Disponible', 31),
(32, 'producto32', 'Zapataillas nuevas', 150.00, '2024-02-01', 'Disponible ', 32),
(33, 'producto33', 'Mesa de madera', 232.00, '2024-02-02', 'Vendido', 33),
(34, 'producto34', 'Movil buen estado', 69.00, '2024-02-03', 'Disponible', 34),
(35, 'producto35', 'Zapataillas nuevas', 270.00, '2024-02-04', 'Disponible ', 35),
(36, 'producto36', 'Mesa de madera', 273.00, '2024-02-05', 'Vendido', 36),
(37, 'producto37', 'Movil buen estado', 281.00, '2024-02-06', 'Disponible', 37),
(38, 'producto38', 'Zapataillas nuevas', 310.00, '2024-02-07', 'Disponible ', 38),
(39, 'producto39', 'Mesa de madera', 448.00, '2024-02-08', 'Vendido', 39),
(40, 'producto40', 'Movil buen estado', 241.00, '2024-02-09', 'Disponible', 40),
(41, 'producto41', 'Zapataillas nuevas', 310.00, '2024-02-10', 'Disponible ', 41),
(42, 'producto42', 'Mesa de madera', 456.00, '2024-02-11', 'Vendido', 42),
(43, 'producto43', 'Movil buen estado', 310.00, '2024-02-12', 'Disponible', 43),
(44, 'producto44', 'Zapataillas nuevas', 326.00, '2024-02-13', 'Disponible ', 44),
(45, 'producto45', 'Mesa de madera', 33.00, '2024-02-14', 'Vendido', 45),
(46, 'producto46', 'Movil buen estado', 478.00, '2024-02-15', 'Disponible', 46),
(47, 'producto47', 'Zapataillas nuevas', 497.00, '2024-02-16', 'Disponible ', 47),
(48, 'producto48', 'Mesa de madera', 353.00, '2024-02-17', 'Vendido', 48),
(49, 'producto49', 'Movil buen estado', 342.00, '2024-02-18', 'Disponible', 49),
(50, 'producto50', 'Zapataillas nuevas', 428.00, '2024-02-19', 'Disponible ', 50),
(51, 'producto51', 'Mesa de madera', 153.00, '2024-02-20', 'Vendido', 51),
(52, 'producto52', 'Movil buen estado', 217.00, '2024-02-21', 'Disponible', 52),
(53, 'producto53', 'Zapataillas nuevas', 202.00, '2024-02-22', 'Disponible ', 53),
(54, 'producto54', 'Mesa de madera', 234.00, '2024-02-23', 'Vendido', 54),
(55, 'producto55', 'Movil buen estado', 243.00, '2024-02-24', 'Disponible', 55),
(56, 'producto56', 'Zapataillas nuevas', 402.00, '2024-02-25', 'Disponible ', 56),
(57, 'producto57', 'Mesa de madera', 120.00, '2024-02-26', 'Vendido', 57),
(58, 'producto58', 'Movil buen estado', 371.00, '2024-02-27', 'Disponible', 58),
(59, 'producto59', 'Zapataillas nuevas', 134.00, '2024-02-28', 'Disponible ', 59),
(60, 'producto60', 'Mesa de madera', 311.00, '2024-02-29', 'Vendido', 60),
(61, 'producto61', 'Movil buen estado', 349.00, '0000-00-00', 'Disponible', 61),
(62, 'producto62', 'Zapataillas nuevas', 240.00, '0000-00-00', 'Disponible ', 62),
(63, 'producto63', 'Mesa de madera', 384.00, '2024-03-01', 'Vendido', 63),
(64, 'producto64', 'Movil buen estado', 252.00, '2024-03-02', 'Disponible', 64),
(65, 'producto65', 'Zapataillas nuevas', 56.00, '2024-03-03', 'Disponible ', 65),
(66, 'producto66', 'Mesa de madera', 416.00, '2024-03-04', 'Vendido', 66),
(67, 'producto67', 'Movil buen estado', 381.00, '2024-03-05', 'Disponible', 67),
(68, 'producto68', 'Zapataillas nuevas', 13.00, '2024-03-06', 'Disponible ', 68),
(69, 'producto69', 'Mesa de madera', 332.00, '2024-03-07', 'Vendido', 69),
(70, 'producto70', 'Movil buen estado', 450.00, '2024-03-08', 'Disponible', 70),
(71, 'producto71', 'Zapataillas nuevas', 52.00, '2024-03-09', 'Disponible ', 71),
(72, 'producto72', 'Mesa de madera', 377.00, '2024-03-10', 'Vendido', 72),
(73, 'producto73', 'Movil buen estado', 419.00, '2024-03-11', 'Disponible', 73),
(74, 'producto74', 'Zapataillas nuevas', 256.00, '2024-03-12', 'Disponible ', 74),
(75, 'producto75', 'Mesa de madera', 91.00, '2024-03-13', 'Vendido', 75),
(76, 'producto76', 'Movil buen estado', 382.00, '2024-03-14', 'Disponible', 76),
(77, 'producto77', 'Zapataillas nuevas', 235.00, '2024-03-15', 'Disponible ', 77),
(78, 'producto78', 'Mesa de madera', 124.00, '2024-03-16', 'Vendido', 78),
(79, 'producto79', 'Movil buen estado', 357.00, '2024-03-17', 'Disponible', 79),
(80, 'producto80', 'Zapataillas nuevas', 290.00, '2024-03-18', 'Disponible ', 80),
(81, 'producto81', 'Mesa de madera', 125.00, '2024-03-19', 'Vendido', 81),
(82, 'producto82', 'Movil buen estado', 325.00, '2024-03-20', 'Disponible', 82),
(83, 'producto83', 'Zapataillas nuevas', 233.00, '2024-03-21', 'Disponible ', 83),
(84, 'producto84', 'Mesa de madera', 373.00, '2024-03-22', 'Vendido', 84),
(85, 'producto85', 'Movil buen estado', 328.00, '2024-03-23', 'Disponible', 85),
(86, 'producto86', 'Zapataillas nuevas', 234.00, '2024-03-24', 'Disponible ', 86),
(87, 'producto87', 'Mesa de madera', 232.00, '2024-03-25', 'Vendido', 87),
(88, 'producto88', 'Movil buen estado', 122.00, '2024-03-26', 'Disponible', 88),
(89, 'producto89', 'Zapataillas nuevas', 308.00, '2024-03-27', 'Disponible ', 89),
(90, 'producto90', 'Mesa de madera', 144.00, '2024-03-28', 'Vendido', 90),
(91, 'producto91', 'Movil buen estado', 307.00, '2024-03-29', 'Disponible', 91),
(92, 'producto92', 'Zapataillas nuevas', 391.00, '2024-03-30', 'Disponible ', 92),
(93, 'producto93', 'Mesa de madera', 493.00, '2024-03-31', 'Vendido', 93),
(94, 'producto94', 'Movil buen estado', 81.00, '2024-04-01', 'Disponible', 94),
(95, 'producto95', 'Zapataillas nuevas', 411.00, '2024-04-02', 'Disponible ', 95),
(96, 'producto96', 'Mesa de madera', 156.00, '2024-04-03', 'Vendido', 96),
(97, 'producto97', 'Movil buen estado', 77.00, '2024-04-04', 'Disponible', 97),
(98, 'producto98', 'Zapataillas nuevas', 113.00, '2024-04-05', 'Disponible ', 98),
(99, 'producto99', 'Mesa de madera', 379.00, '2024-04-06', 'Vendido', 99),
(100, 'producto100', 'Movil buen estado', 413.00, '2024-04-07', 'Disponible', 100),
(101, 'producto101', 'Zapataillas nuevas', 354.00, '2024-04-08', 'Disponible ', 101),
(102, 'producto102', 'Mesa de madera', 126.00, '2024-04-09', 'Vendido', 102),
(103, 'producto103', 'Movil buen estado', 90.00, '2024-04-10', 'Disponible', 103),
(104, 'producto104', 'Zapataillas nuevas', 160.00, '2024-04-11', 'Disponible ', 104),
(105, 'producto105', 'Mesa de madera', 479.00, '2024-04-12', 'Vendido', 105),
(106, 'producto106', 'Movil buen estado', 368.00, '2024-04-13', 'Disponible', 106),
(107, 'producto107', 'Zapataillas nuevas', 385.00, '2024-04-14', 'Disponible ', 107),
(108, 'producto108', 'Mesa de madera', 58.00, '2024-04-15', 'Vendido', 108),
(109, 'producto109', 'Movil buen estado', 356.00, '2024-04-16', 'Disponible', 109),
(110, 'producto110', 'Zapataillas nuevas', 176.00, '2024-04-17', 'Disponible ', 110),
(111, 'producto111', 'Mesa de madera', 243.00, '2024-04-18', 'Vendido', 111),
(112, 'producto112', 'Movil buen estado', 69.00, '2024-04-19', 'Disponible', 112),
(113, 'producto113', 'Zapataillas nuevas', 153.00, '2024-04-20', 'Disponible ', 113),
(114, 'producto114', 'Mesa de madera', 387.00, '2024-04-21', 'Vendido', 114),
(115, 'producto115', 'Movil buen estado', 454.00, '2024-04-22', 'Disponible', 115),
(116, 'producto116', 'Zapataillas nuevas', 358.00, '2024-04-23', 'Disponible ', 116),
(117, 'producto117', 'Mesa de madera', 176.00, '2024-04-24', 'Vendido', 117),
(118, 'producto118', 'Movil buen estado', 402.00, '2024-04-25', 'Disponible', 118),
(119, 'producto119', 'Zapataillas nuevas', 260.00, '2024-04-26', 'Disponible ', 119),
(120, 'producto120', 'Mesa de madera', 55.00, '2024-04-27', 'Vendido', 120),
(121, 'producto121', 'Movil buen estado', 178.00, '2024-04-28', 'Disponible', 121),
(122, 'producto122', 'Zapataillas nuevas', 188.00, '2024-04-29', 'Disponible ', 122),
(123, 'producto123', 'Mesa de madera', 35.00, '2024-04-30', 'Vendido', 123),
(124, 'producto124', 'Movil buen estado', 264.00, '0000-00-00', 'Disponible', 124),
(125, 'producto125', 'Zapataillas nuevas', 150.00, '2024-05-01', 'Disponible ', 125),
(126, 'producto126', 'Mesa de madera', 350.00, '2024-06-01', 'Vendido', 126),
(127, 'producto127', 'Movil buen estado', 217.00, '2024-05-02', 'Disponible', 127),
(128, 'producto128', 'Zapataillas nuevas', 51.00, '2024-06-02', 'Disponible ', 128),
(129, 'producto129', 'Mesa de madera', 196.00, '2024-05-02', 'Vendido', 129),
(130, 'producto130', 'Movil buen estado', 500.00, '2024-06-02', 'Disponible', 130),
(131, 'producto131', 'Zapataillas nuevas', 323.00, '2024-05-03', 'Disponible ', 131),
(132, 'producto132', 'Mesa de madera', 492.00, '2024-06-03', 'Vendido', 132),
(133, 'producto133', 'Movil buen estado', 369.00, '2024-05-03', 'Disponible', 133),
(134, 'producto134', 'Zapataillas nuevas', 130.00, '2024-06-03', 'Disponible ', 134),
(135, 'producto135', 'Mesa de madera', 98.00, '2024-05-04', 'Vendido', 135),
(136, 'producto136', 'Movil buen estado', 304.00, '2024-06-04', 'Disponible', 136),
(137, 'producto137', 'Zapataillas nuevas', 271.00, '2024-05-02', 'Disponible ', 137),
(138, 'producto138', 'Mesa de madera', 269.00, '2024-06-02', 'Vendido', 138),
(139, 'producto139', 'Movil buen estado', 443.00, '2024-05-03', 'Disponible', 139),
(140, 'producto140', 'Zapataillas nuevas', 263.00, '2024-06-03', 'Disponible ', 140),
(141, 'producto141', 'Mesa de madera', 456.00, '2024-05-03', 'Vendido', 141),
(142, 'producto142', 'Movil buen estado', 112.00, '2024-06-03', 'Disponible', 142),
(143, 'producto143', 'Zapataillas nuevas', 216.00, '2024-05-04', 'Disponible ', 143),
(144, 'producto144', 'Mesa de madera', 194.00, '2024-06-04', 'Vendido', 144),
(145, 'producto145', 'Movil buen estado', 127.00, '2024-05-04', 'Disponible', 145),
(146, 'producto146', 'Zapataillas nuevas', 278.00, '2024-06-04', 'Disponible ', 146),
(147, 'producto147', 'Mesa de madera', 299.00, '2024-05-02', 'Vendido', 147),
(148, 'producto148', 'Movil buen estado', 307.00, '2024-06-02', 'Disponible', 148),
(149, 'producto149', 'Zapataillas nuevas', 372.00, '2024-05-03', 'Disponible ', 149),
(150, 'producto150', 'Mesa de madera', 11.00, '2024-06-03', 'Vendido', 150),
(151, 'producto151', 'Movil buen estado', 388.00, '2024-05-03', 'Disponible', 151),
(152, 'producto152', 'Zapataillas nuevas', 390.00, '2024-06-03', 'Disponible ', 152),
(153, 'producto153', 'Mesa de madera', 321.00, '2024-05-04', 'Vendido', 153),
(154, 'producto154', 'Movil buen estado', 451.00, '2024-06-04', 'Disponible', 154),
(155, 'producto155', 'Zapataillas nuevas', 31.00, '2024-05-04', 'Disponible ', 155),
(156, 'producto156', 'Mesa de madera', 150.00, '2024-07-01', 'Vendido', 156),
(157, 'producto157', 'Movil buen estado', 151.00, '2024-07-02', 'Disponible', 157),
(158, 'producto158', 'Zapataillas nuevas', 353.00, '2024-07-03', 'Disponible ', 158),
(159, 'producto159', 'Mesa de madera', 451.00, '2024-07-04', 'Vendido', 159),
(160, 'producto160', 'Movil buen estado', 394.00, '2024-07-05', 'Disponible', 160),
(161, 'producto161', 'Zapataillas nuevas', 413.00, '2024-07-06', 'Disponible ', 161),
(162, 'producto162', 'Mesa de madera', 192.00, '2024-07-07', 'Vendido', 162),
(163, 'producto163', 'Movil buen estado', 70.00, '2024-07-08', 'Disponible', 163),
(164, 'producto164', 'Zapataillas nuevas', 146.00, '2024-07-09', 'Disponible ', 164),
(165, 'producto165', 'Mesa de madera', 191.00, '2024-07-10', 'Vendido', 165),
(166, 'producto166', 'Movil buen estado', 290.00, '2024-07-11', 'Disponible', 166),
(167, 'producto167', 'Zapataillas nuevas', 26.00, '2024-07-12', 'Disponible ', 167),
(168, 'producto168', 'Mesa de madera', 464.00, '2024-07-13', 'Vendido', 168),
(169, 'producto169', 'Movil buen estado', 376.00, '2024-07-14', 'Disponible', 169),
(170, 'producto170', 'Zapataillas nuevas', 24.00, '2024-07-15', 'Disponible ', 170),
(171, 'producto171', 'Mesa de madera', 326.00, '2024-07-16', 'Vendido', 171),
(172, 'producto172', 'Movil buen estado', 449.00, '2024-07-17', 'Disponible', 172),
(173, 'producto173', 'Zapataillas nuevas', 89.00, '2024-07-18', 'Disponible ', 173),
(174, 'producto174', 'Mesa de madera', 476.00, '2024-07-19', 'Vendido', 174),
(175, 'producto175', 'Movil buen estado', 464.00, '2024-07-20', 'Disponible', 175),
(176, 'producto176', 'Zapataillas nuevas', 176.00, '2024-07-21', 'Disponible ', 176),
(177, 'producto177', 'Mesa de madera', 366.00, '2024-07-22', 'Vendido', 177),
(178, 'producto178', 'Movil buen estado', 169.00, '2024-07-23', 'Disponible', 178),
(179, 'producto179', 'Zapataillas nuevas', 327.00, '2024-07-24', 'Disponible ', 179),
(180, 'producto180', 'Mesa de madera', 332.00, '2024-07-25', 'Vendido', 180),
(181, 'producto181', 'Movil buen estado', 185.00, '2024-07-26', 'Disponible', 181),
(182, 'producto182', 'Zapataillas nuevas', 42.00, '2024-07-27', 'Disponible ', 182),
(183, 'producto183', 'Mesa de madera', 49.00, '2024-07-28', 'Vendido', 183),
(184, 'producto184', 'Movil buen estado', 427.00, '2024-07-29', 'Disponible', 184),
(185, 'producto185', 'Zapataillas nuevas', 106.00, '2024-07-30', 'Disponible ', 185),
(186, 'producto186', 'Mesa de madera', 225.00, '2024-07-31', 'Vendido', 186),
(187, 'producto187', 'Movil buen estado', 341.00, '2024-08-01', 'Disponible', 187),
(188, 'producto188', 'Zapataillas nuevas', 494.00, '2024-08-02', 'Disponible ', 188),
(189, 'producto189', 'Mesa de madera', 129.00, '2024-08-03', 'Vendido', 189),
(190, 'producto190', 'Movil buen estado', 424.00, '2024-08-04', 'Disponible', 190),
(191, 'producto191', 'Zapataillas nuevas', 182.00, '2024-08-05', 'Disponible ', 191),
(192, 'producto192', 'Mesa de madera', 145.00, '2024-08-06', 'Vendido', 192),
(193, 'producto193', 'Movil buen estado', 166.00, '2024-08-07', 'Disponible', 193),
(194, 'producto194', 'Zapataillas nuevas', 259.00, '2024-08-08', 'Disponible ', 194),
(195, 'producto195', 'Mesa de madera', 81.00, '2024-08-09', 'Vendido', 195),
(196, 'producto196', 'Movil buen estado', 134.00, '2024-08-10', 'Disponible', 196),
(197, 'producto197', 'Zapataillas nuevas', 442.00, '2024-08-11', 'Disponible ', 197),
(198, 'producto198', 'Mesa de madera', 167.00, '2024-08-12', 'Vendido', 198),
(199, 'producto199', 'Movil buen estado', 322.00, '2024-08-13', 'Disponible', 199),
(200, 'producto200', 'Movil buen estado', 434.00, '2024-08-14', 'Disponible', 200);

-- --------------------------------------------------------

--
-- Estructura de tabla para la tabla `producto_categoria`
--

CREATE TABLE `producto_categoria` (
  `id_producto` int(11) NOT NULL,
  `id_categoria` int(11) NOT NULL
) ENGINE=InnoDB DEFAULT CHARSET=utf8mb4 COLLATE=utf8mb4_general_ci;

--
-- Volcado de datos para la tabla `producto_categoria`
--

INSERT INTO `producto_categoria` (`id_producto`, `id_categoria`) VALUES
(1, 17),
(2, 16),
(3, 2),
(4, 4),
(5, 8),
(6, 13),
(7, 16),
(8, 14),
(9, 18),
(10, 7),
(11, 14),
(12, 18),
(13, 2),
(14, 9),
(15, 11),
(16, 3),
(17, 4),
(18, 10),
(19, 9),
(20, 3),
(21, 20),
(22, 12),
(23, 17),
(24, 20),
(25, 15),
(26, 2),
(27, 15),
(28, 16),
(29, 14),
(30, 5),
(31, 16),
(32, 14),
(33, 3),
(34, 2),
(35, 17),
(36, 4),
(37, 16),
(38, 19),
(39, 20),
(40, 12),
(41, 12),
(42, 11),
(43, 12),
(44, 12),
(45, 4),
(46, 10),
(47, 9),
(48, 6),
(49, 19),
(50, 9),
(51, 8),
(52, 16),
(53, 7),
(54, 4),
(55, 16),
(56, 8),
(57, 8),
(58, 5),
(59, 7),
(60, 20),
(61, 3),
(62, 13),
(63, 9),
(64, 9),
(65, 17),
(66, 4),
(67, 13),
(68, 10),
(69, 14),
(70, 19),
(71, 20),
(72, 6),
(73, 3),
(74, 17),
(75, 4),
(76, 19),
(77, 20),
(78, 13),
(79, 13),
(80, 17),
(81, 3),
(82, 1),
(83, 3),
(84, 10),
(85, 17),
(86, 8),
(87, 14),
(88, 14),
(89, 12),
(90, 20),
(91, 17),
(92, 11),
(93, 10),
(94, 2),
(95, 3),
(96, 20),
(97, 4),
(98, 20),
(99, 12),
(100, 7),
(101, 18),
(102, 17),
(103, 6),
(104, 11),
(105, 4),
(106, 19),
(107, 6),
(108, 13),
(109, 4),
(110, 12),
(111, 11),
(112, 6),
(113, 11),
(114, 9),
(115, 15),
(116, 15),
(117, 15),
(118, 7),
(119, 13),
(120, 5),
(121, 7),
(122, 3),
(123, 13),
(124, 6),
(125, 6),
(126, 13),
(127, 2),
(128, 12),
(129, 15),
(130, 15),
(131, 15),
(132, 7),
(133, 6),
(134, 17),
(135, 10),
(136, 5),
(137, 10),
(138, 20),
(139, 13),
(140, 12),
(141, 17),
(142, 2),
(143, 18),
(144, 17),
(145, 19),
(146, 12),
(147, 2),
(148, 20),
(149, 20),
(150, 13),
(151, 10),
(152, 5),
(153, 12),
(154, 11),
(155, 19),
(156, 10),
(157, 14),
(158, 3),
(159, 2),
(160, 7),
(161, 14),
(162, 8),
(163, 3),
(164, 18),
(165, 7),
(166, 1),
(167, 15),
(168, 12),
(169, 11),
(170, 13),
(171, 16),
(172, 15),
(173, 9),
(174, 7),
(175, 13),
(176, 8),
(177, 17),
(178, 18),
(179, 7),
(180, 3),
(181, 17),
(182, 14),
(183, 18),
(184, 17),
(185, 4),
(186, 11),
(187, 2),
(188, 8),
(189, 17),
(190, 13),
(191, 1),
(192, 12),
(193, 11),
(194, 13),
(195, 2),
(196, 7),
(197, 17),
(198, 10),
(199, 7),
(200, 18);

-- --------------------------------------------------------

--
-- Estructura de tabla para la tabla `usuario`
--

CREATE TABLE `usuario` (
  `id_usuario` int(11) NOT NULL,
  `nombre` varchar(100) NOT NULL,
  `email` varchar(100) NOT NULL,
  `contraseña` varchar(100) NOT NULL,
  `telefono` varchar(20) DEFAULT NULL
) ENGINE=InnoDB DEFAULT CHARSET=utf8mb4 COLLATE=utf8mb4_general_ci;

--
-- Volcado de datos para la tabla `usuario`
--

INSERT INTO `usuario` (`id_usuario`, `nombre`, `email`, `contraseña`, `telefono`) VALUES
(1, 'Usuario1', 'usuario1', '1234', '600000001'),
(2, 'Usuario2', 'usuario2', '1234', '600000001'),
(3, 'Usuario3', 'usuario3', '1234', '600000001'),
(4, 'Usuario4', 'usuario4', '1234', '600000001'),
(5, 'Usuario5', 'usuario5', '1234', '600000001'),
(6, 'Usuario6', 'usuario6', '1234', '600000001'),
(7, 'Usuario7', 'usuario7', '1234', '600000001'),
(8, 'Usuario8', 'usuario8', '1234', '600000001'),
(9, 'Usuario9', 'usuario9', '1234', '600000001'),
(10, 'Usuario10', 'usuario10', '1234', '600000001'),
(11, 'Usuario11', 'usuario11', '1234', '600000001'),
(12, 'Usuario12', 'usuario12', '1234', '600000001'),
(13, 'Usuario13', 'usuario13', '1234', '600000001'),
(14, 'Usuario14', 'usuario14', '1234', '600000001'),
(15, 'Usuario15', 'usuario15', '1234', '600000001'),
(16, 'Usuario16', 'usuario16', '1234', '600000001'),
(17, 'Usuario17', 'usuario17', '1234', '600000001'),
(18, 'Usuario18', 'usuario18', '1234', '600000001'),
(19, 'Usuario19', 'usuario19', '1234', '600000001'),
(20, 'Usuario20', 'usuario20', '1234', '600000001'),
(21, 'Usuario21', 'usuario21', '1234', '600000001'),
(22, 'Usuario22', 'usuario22', '1234', '600000001'),
(23, 'Usuario23', 'usuario23', '1234', '600000001'),
(24, 'Usuario24', 'usuario24', '1234', '600000001'),
(25, 'Usuario25', 'usuario25', '1234', '600000001'),
(26, 'Usuario26', 'usuario26', '1234', '600000001'),
(27, 'Usuario27', 'usuario27', '1234', '600000001'),
(28, 'Usuario28', 'usuario28', '1234', '600000001'),
(29, 'Usuario29', 'usuario29', '1234', '600000001'),
(30, 'Usuario30', 'usuario30', '1234', '600000001'),
(31, 'Usuario31', 'usuario31', '1234', '600000001'),
(32, 'Usuario32', 'usuario32', '1234', '600000001'),
(33, 'Usuario33', 'usuario33', '1234', '600000001'),
(34, 'Usuario34', 'usuario34', '1234', '600000001'),
(35, 'Usuario35', 'usuario35', '1234', '600000001'),
(36, 'Usuario36', 'usuario36', '1234', '600000001'),
(37, 'Usuario37', 'usuario37', '1234', '600000001'),
(38, 'Usuario38', 'usuario38', '1234', '600000001'),
(39, 'Usuario39', 'usuario39', '1234', '600000001'),
(40, 'Usuario40', 'usuario40', '1234', '600000001'),
(41, 'Usuario41', 'usuario41', '1234', '600000001'),
(42, 'Usuario42', 'usuario42', '1234', '600000001'),
(43, 'Usuario43', 'usuario43', '1234', '600000001'),
(44, 'Usuario44', 'usuario44', '1234', '600000001'),
(45, 'Usuario45', 'usuario45', '1234', '600000001'),
(46, 'Usuario46', 'usuario46', '1234', '600000001'),
(47, 'Usuario47', 'usuario47', '1234', '600000001'),
(48, 'Usuario48', 'usuario48', '1234', '600000001'),
(49, 'Usuario49', 'usuario49', '1234', '600000001'),
(50, 'Usuario50', 'usuario50', '1234', '600000001'),
(51, 'Usuario51', 'usuario51', '1234', '600000001'),
(52, 'Usuario52', 'usuario52', '1234', '600000001'),
(53, 'Usuario53', 'usuario53', '1234', '600000001'),
(54, 'Usuario54', 'usuario54', '1234', '600000001'),
(55, 'Usuario55', 'usuario55', '1234', '600000001'),
(56, 'Usuario56', 'usuario56', '1234', '600000001'),
(57, 'Usuario57', 'usuario57', '1234', '600000001'),
(58, 'Usuario58', 'usuario58', '1234', '600000001'),
(59, 'Usuario59', 'usuario59', '1234', '600000001'),
(60, 'Usuario60', 'usuario60', '1234', '600000001'),
(61, 'Usuario61', 'usuario61', '1234', '600000001'),
(62, 'Usuario62', 'usuario62', '1234', '600000001'),
(63, 'Usuario63', 'usuario63', '1234', '600000001'),
(64, 'Usuario64', 'usuario64', '1234', '600000001'),
(65, 'Usuario65', 'usuario65', '1234', '600000001'),
(66, 'Usuario66', 'usuario66', '1234', '600000001'),
(67, 'Usuario67', 'usuario67', '1234', '600000001'),
(68, 'Usuario68', 'usuario68', '1234', '600000001'),
(69, 'Usuario69', 'usuario69', '1234', '600000001'),
(70, 'Usuario70', 'usuario70', '1234', '600000001'),
(71, 'Usuario71', 'usuario71', '1234', '600000001'),
(72, 'Usuario72', 'usuario72', '1234', '600000001'),
(73, 'Usuario73', 'usuario73', '1234', '600000001'),
(74, 'Usuario74', 'usuario74', '1234', '600000001'),
(75, 'Usuario75', 'usuario75', '1234', '600000001'),
(76, 'Usuario76', 'usuario76', '1234', '600000001'),
(77, 'Usuario77', 'usuario77', '1234', '600000001'),
(78, 'Usuario78', 'usuario78', '1234', '600000001'),
(79, 'Usuario79', 'usuario79', '1234', '600000001'),
(80, 'Usuario80', 'usuario80', '1234', '600000001'),
(81, 'Usuario81', 'usuario81', '1234', '600000001'),
(82, 'Usuario82', 'usuario82', '1234', '600000001'),
(83, 'Usuario83', 'usuario83', '1234', '600000001'),
(84, 'Usuario84', 'usuario84', '1234', '600000001'),
(85, 'Usuario85', 'usuario85', '1234', '600000001'),
(86, 'Usuario86', 'usuario86', '1234', '600000001'),
(87, 'Usuario87', 'usuario87', '1234', '600000001'),
(88, 'Usuario88', 'usuario88', '1234', '600000001'),
(89, 'Usuario89', 'usuario89', '1234', '600000001'),
(90, 'Usuario90', 'usuario90', '1234', '600000001'),
(91, 'Usuario91', 'usuario91', '1234', '600000001'),
(92, 'Usuario92', 'usuario92', '1234', '600000001'),
(93, 'Usuario93', 'usuario93', '1234', '600000001'),
(94, 'Usuario94', 'usuario94', '1234', '600000001'),
(95, 'Usuario95', 'usuario95', '1234', '600000001'),
(96, 'Usuario96', 'usuario96', '1234', '600000001'),
(97, 'Usuario97', 'usuario97', '1234', '600000001'),
(98, 'Usuario98', 'usuario98', '1234', '600000001'),
(99, 'Usuario99', 'usuario99', '1234', '600000001'),
(100, 'Usuario100', 'usuario100', '1234', '600000001'),
(101, 'Usuario101', 'usuario101', '1234', '600000001'),
(102, 'Usuario102', 'usuario102', '1234', '600000001'),
(103, 'Usuario103', 'usuario103', '1234', '600000001'),
(104, 'Usuario104', 'usuario104', '1234', '600000001'),
(105, 'Usuario105', 'usuario105', '1234', '600000001'),
(106, 'Usuario106', 'usuario106', '1234', '600000001'),
(107, 'Usuario107', 'usuario107', '1234', '600000001'),
(108, 'Usuario108', 'usuario108', '1234', '600000001'),
(109, 'Usuario109', 'usuario109', '1234', '600000001'),
(110, 'Usuario110', 'usuario110', '1234', '600000001'),
(111, 'Usuario111', 'usuario111', '1234', '600000001'),
(112, 'Usuario112', 'usuario112', '1234', '600000001'),
(113, 'Usuario113', 'usuario113', '1234', '600000001'),
(114, 'Usuario114', 'usuario114', '1234', '600000001'),
(115, 'Usuario115', 'usuario115', '1234', '600000001'),
(116, 'Usuario116', 'usuario116', '1234', '600000001'),
(117, 'Usuario117', 'usuario117', '1234', '600000001'),
(118, 'Usuario118', 'usuario118', '1234', '600000001'),
(119, 'Usuario119', 'usuario119', '1234', '600000001'),
(120, 'Usuario120', 'usuario120', '1234', '600000001'),
(121, 'Usuario121', 'usuario121', '1234', '600000001'),
(122, 'Usuario122', 'usuario122', '1234', '600000001'),
(123, 'Usuario123', 'usuario123', '1234', '600000001'),
(124, 'Usuario124', 'usuario124', '1234', '600000001'),
(125, 'Usuario125', 'usuario125', '1234', '600000001'),
(126, 'Usuario126', 'usuario126', '1234', '600000001'),
(127, 'Usuario127', 'usuario127', '1234', '600000001'),
(128, 'Usuario128', 'usuario128', '1234', '600000001'),
(129, 'Usuario129', 'usuario129', '1234', '600000001'),
(130, 'Usuario130', 'usuario130', '1234', '600000001'),
(131, 'Usuario131', 'usuario131', '1234', '600000001'),
(132, 'Usuario132', 'usuario132', '1234', '600000001'),
(133, 'Usuario133', 'usuario133', '1234', '600000001'),
(134, 'Usuario134', 'usuario134', '1234', '600000001'),
(135, 'Usuario135', 'usuario135', '1234', '600000001'),
(136, 'Usuario136', 'usuario136', '1234', '600000001'),
(137, 'Usuario137', 'usuario137', '1234', '600000001'),
(138, 'Usuario138', 'usuario138', '1234', '600000001'),
(139, 'Usuario139', 'usuario139', '1234', '600000001'),
(140, 'Usuario140', 'usuario140', '1234', '600000001'),
(141, 'Usuario141', 'usuario141', '1234', '600000001'),
(142, 'Usuario142', 'usuario142', '1234', '600000001'),
(143, 'Usuario143', 'usuario143', '1234', '600000001'),
(144, 'Usuario144', 'usuario144', '1234', '600000001'),
(145, 'Usuario145', 'usuario145', '1234', '600000001'),
(146, 'Usuario146', 'usuario146', '1234', '600000001'),
(147, 'Usuario147', 'usuario147', '1234', '600000001'),
(148, 'Usuario148', 'usuario148', '1234', '600000001'),
(149, 'Usuario149', 'usuario149', '1234', '600000001'),
(150, 'Usuario150', 'usuario150', '1234', '600000001'),
(151, 'Usuario151', 'usuario151', '1234', '600000001'),
(152, 'Usuario152', 'usuario152', '1234', '600000001'),
(153, 'Usuario153', 'usuario153', '1234', '600000001'),
(154, 'Usuario154', 'usuario154', '1234', '600000001'),
(155, 'Usuario155', 'usuario155', '1234', '600000001'),
(156, 'Usuario156', 'usuario156', '1234', '600000001'),
(157, 'Usuario157', 'usuario157', '1234', '600000001'),
(158, 'Usuario158', 'usuario158', '1234', '600000001'),
(159, 'Usuario159', 'usuario159', '1234', '600000001'),
(160, 'Usuario160', 'usuario160', '1234', '600000001'),
(161, 'Usuario161', 'usuario161', '1234', '600000001'),
(162, 'Usuario162', 'usuario162', '1234', '600000001'),
(163, 'Usuario163', 'usuario163', '1234', '600000001'),
(164, 'Usuario164', 'usuario164', '1234', '600000001'),
(165, 'Usuario165', 'usuario165', '1234', '600000001'),
(166, 'Usuario166', 'usuario166', '1234', '600000001'),
(167, 'Usuario167', 'usuario167', '1234', '600000001'),
(168, 'Usuario168', 'usuario168', '1234', '600000001'),
(169, 'Usuario169', 'usuario169', '1234', '600000001'),
(170, 'Usuario170', 'usuario170', '1234', '600000001'),
(171, 'Usuario171', 'usuario171', '1234', '600000001'),
(172, 'Usuario172', 'usuario172', '1234', '600000001'),
(173, 'Usuario173', 'usuario173', '1234', '600000001'),
(174, 'Usuario174', 'usuario174', '1234', '600000001'),
(175, 'Usuario175', 'usuario175', '1234', '600000001'),
(176, 'Usuario176', 'usuario176', '1234', '600000001'),
(177, 'Usuario177', 'usuario177', '1234', '600000001'),
(178, 'Usuario178', 'usuario178', '1234', '600000001'),
(179, 'Usuario179', 'usuario179', '1234', '600000001'),
(180, 'Usuario180', 'usuario180', '1234', '600000001'),
(181, 'Usuario181', 'usuario181', '1234', '600000001'),
(182, 'Usuario182', 'usuario182', '1234', '600000001'),
(183, 'Usuario183', 'usuario183', '1234', '600000001'),
(184, 'Usuario184', 'usuario184', '1234', '600000001'),
(185, 'Usuario185', 'usuario185', '1234', '600000001'),
(186, 'Usuario186', 'usuario186', '1234', '600000001'),
(187, 'Usuario187', 'usuario187', '1234', '600000001'),
(188, 'Usuario188', 'usuario188', '1234', '600000001'),
(189, 'Usuario189', 'usuario189', '1234', '600000001'),
(190, 'Usuario190', 'usuario190', '1234', '600000001'),
(191, 'Usuario191', 'usuario191', '1234', '600000001'),
(192, 'Usuario192', 'usuario192', '1234', '600000001'),
(193, 'Usuario193', 'usuario193', '1234', '600000001'),
(194, 'Usuario194', 'usuario194', '1234', '600000001'),
(195, 'Usuario195', 'usuario195', '1234', '600000001'),
(196, 'Usuario196', 'usuario196', '1234', '600000001'),
(197, 'Usuario197', 'usuario197', '1234', '600000001'),
(198, 'Usuario198', 'usuario198', '1234', '600000001'),
(199, 'Usuario199', 'usuario199', '1234', '600000001'),
(200, 'Usuario200', 'usuario200', '1234', '600000001'),
(201, 'Usuario201', 'usuario201', '1234', '600000001'),
(202, 'Usuario202', 'usuario202', '1234', '600000001'),
(203, 'Usuario203', 'usuario203', '1234', '600000001'),
(204, 'Usuario204', 'usuario204', '1234', '600000001'),
(205, 'Usuario205', 'usuario205', '1234', '600000001'),
(206, 'Usuario206', 'usuario206', '1234', '600000001'),
(207, 'Usuario207', 'usuario207', '1234', '600000001'),
(208, 'Usuario208', 'usuario208', '1234', '600000001'),
(209, 'Usuario209', 'usuario209', '1234', '600000001'),
(210, 'Usuario210', 'usuario210', '1234', '600000001'),
(211, 'Usuario211', 'usuario211', '1234', '600000001'),
(212, 'Usuario212', 'usuario212', '1234', '600000001'),
(213, 'Usuario213', 'usuario213', '1234', '600000001'),
(214, 'Usuario214', 'usuario214', '1234', '600000001'),
(215, 'Usuario215', 'usuario215', '1234', '600000001'),
(216, 'Usuario216', 'usuario216', '1234', '600000001'),
(217, 'Usuario217', 'usuario217', '1234', '600000001'),
(218, 'Usuario218', 'usuario218', '1234', '600000001'),
(219, 'Usuario219', 'usuario219', '1234', '600000001'),
(220, 'Usuario220', 'usuario220', '1234', '600000001'),
(221, 'Usuario221', 'usuario221', '1234', '600000001'),
(222, 'Usuario222', 'usuario222', '1234', '600000001'),
(223, 'Usuario223', 'usuario223', '1234', '600000001'),
(224, 'Usuario224', 'usuario224', '1234', '600000001'),
(225, 'Usuario225', 'usuario225', '1234', '600000001'),
(226, 'Usuario226', 'usuario226', '1234', '600000001'),
(227, 'Usuario227', 'usuario227', '1234', '600000001'),
(228, 'Usuario228', 'usuario228', '1234', '600000001'),
(229, 'Usuario229', 'usuario229', '1234', '600000001'),
(230, 'Usuario230', 'usuario230', '1234', '600000001'),
(231, 'Usuario231', 'usuario231', '1234', '600000001'),
(232, 'Usuario232', 'usuario232', '1234', '600000001'),
(233, 'Usuario233', 'usuario233', '1234', '600000001'),
(234, 'Usuario234', 'usuario234', '1234', '600000001'),
(235, 'Usuario235', 'usuario235', '1234', '600000001'),
(236, 'Usuario236', 'usuario236', '1234', '600000001'),
(237, 'Usuario237', 'usuario237', '1234', '600000001'),
(238, 'Usuario238', 'usuario238', '1234', '600000001'),
(239, 'Usuario239', 'usuario239', '1234', '600000001'),
(240, 'Usuario240', 'usuario240', '1234', '600000001'),
(241, 'Usuario241', 'usuario241', '1234', '600000001'),
(242, 'Usuario242', 'usuario242', '1234', '600000001'),
(243, 'Usuario243', 'usuario243', '1234', '600000001'),
(244, 'Usuario244', 'usuario244', '1234', '600000001'),
(245, 'Usuario245', 'usuario245', '1234', '600000001'),
(246, 'Usuario246', 'usuario246', '1234', '600000001'),
(247, 'Usuario247', 'usuario247', '1234', '600000001'),
(248, 'Usuario248', 'usuario248', '1234', '600000001'),
(249, 'Usuario249', 'usuario249', '1234', '600000001'),
(250, 'Usuario250', 'usuario250', '1234', '600000001'),
(251, 'Usuario251', 'usuario251', '1234', '600000001'),
(252, 'Usuario252', 'usuario252', '1234', '600000001'),
(253, 'Usuario253', 'usuario253', '1234', '600000001'),
(254, 'Usuario254', 'usuario254', '1234', '600000001'),
(255, 'Usuario255', 'usuario255', '1234', '600000001'),
(256, 'Usuario256', 'usuario256', '1234', '600000001'),
(257, 'Usuario257', 'usuario257', '1234', '600000001'),
(258, 'Usuario258', 'usuario258', '1234', '600000001'),
(259, 'Usuario259', 'usuario259', '1234', '600000001'),
(260, 'Usuario260', 'usuario260', '1234', '600000001'),
(261, 'Usuario261', 'usuario261', '1234', '600000001'),
(262, 'Usuario262', 'usuario262', '1234', '600000001'),
(263, 'Usuario263', 'usuario263', '1234', '600000001'),
(264, 'Usuario264', 'usuario264', '1234', '600000001'),
(265, 'Usuario265', 'usuario265', '1234', '600000001'),
(266, 'Usuario266', 'usuario266', '1234', '600000001'),
(267, 'Usuario267', 'usuario267', '1234', '600000001'),
(268, 'Usuario268', 'usuario268', '1234', '600000001'),
(269, 'Usuario269', 'usuario269', '1234', '600000001'),
(270, 'Usuario270', 'usuario270', '1234', '600000001'),
(271, 'Usuario271', 'usuario271', '1234', '600000001'),
(272, 'Usuario272', 'usuario272', '1234', '600000001'),
(273, 'Usuario273', 'usuario273', '1234', '600000001'),
(274, 'Usuario274', 'usuario274', '1234', '600000001'),
(275, 'Usuario275', 'usuario275', '1234', '600000001'),
(276, 'Usuario276', 'usuario276', '1234', '600000001'),
(277, 'Usuario277', 'usuario277', '1234', '600000001'),
(278, 'Usuario278', 'usuario278', '1234', '600000001'),
(279, 'Usuario279', 'usuario279', '1234', '600000001'),
(280, 'Usuario280', 'usuario280', '1234', '600000001'),
(281, 'Usuario281', 'usuario281', '1234', '600000001'),
(282, 'Usuario282', 'usuario282', '1234', '600000001'),
(283, 'Usuario283', 'usuario283', '1234', '600000001'),
(284, 'Usuario284', 'usuario284', '1234', '600000001'),
(285, 'Usuario285', 'usuario285', '1234', '600000001'),
(286, 'Usuario286', 'usuario286', '1234', '600000001'),
(287, 'Usuario287', 'usuario287', '1234', '600000001'),
(288, 'Usuario288', 'usuario288', '1234', '600000001'),
(289, 'Usuario289', 'usuario289', '1234', '600000001'),
(290, 'Usuario290', 'usuario290', '1234', '600000001'),
(291, 'Usuario291', 'usuario291', '1234', '600000001'),
(292, 'Usuario292', 'usuario292', '1234', '600000001'),
(293, 'Usuario293', 'usuario293', '1234', '600000001'),
(294, 'Usuario294', 'usuario294', '1234', '600000001'),
(295, 'Usuario295', 'usuario295', '1234', '600000001'),
(296, 'Usuario296', 'usuario296', '1234', '600000001'),
(297, 'Usuario297', 'usuario297', '1234', '600000001'),
(298, 'Usuario298', 'usuario298', '1234', '600000001'),
(299, 'Usuario299', 'usuario299', '1234', '600000001'),
(300, 'Usuario300', 'usuario300', '1234', '600000001'),
(301, 'Usuario301', 'usuario301', '1234', '600000001'),
(302, 'Usuario302', 'usuario302', '1234', '600000001'),
(303, 'Usuario303', 'usuario303', '1234', '600000001'),
(304, 'Usuario304', 'usuario304', '1234', '600000001'),
(305, 'Usuario305', 'usuario305', '1234', '600000001'),
(306, 'Usuario306', 'usuario306', '1234', '600000001'),
(307, 'Usuario307', 'usuario307', '1234', '6000100001'),
(308, 'Usuario308', 'usuario308', '1234', '600000001'),
(309, 'Usuario309', 'usuario309', '1234', '600000001'),
(310, 'Usuario310', 'usuario310', '1234', '600000001'),
(311, 'Usuario311', 'usuario311', '1234', '600000001'),
(312, 'Usuario312', 'usuario312', '1234', '600000001'),
(313, 'Usuario313', 'usuario313', '1234', '600000001'),
(314, 'Usuario314', 'usuario314', '1234', '600000001'),
(315, 'Usuario315', 'usuario315', '1234', '600000001'),
(316, 'Usuario316', 'usuario316', '1234', '600000001'),
(317, 'Usuario317', 'usuario317', '1234', '600000001'),
(318, 'Usuario318', 'usuario318', '1234', '600000001'),
(319, 'Usuario319', 'usuario319', '1234', '600000001'),
(320, 'Usuario320', 'usuario320', '1234', '600000001'),
(321, 'Usuario321', 'usuario321', '1234', '600000001'),
(322, 'Usuario322', 'usuario322', '1234', '600000001'),
(323, 'Usuario323', 'usuario323', '1234', '600000001'),
(324, 'Usuario324', 'usuario324', '1234', '600000001'),
(325, 'Usuario325', 'usuario325', '1234', '600000001'),
(326, 'Usuario326', 'usuario326', '1234', '600000001'),
(327, 'Usuario327', 'usuario327', '1234', '600000001'),
(328, 'Usuario328', 'usuario328', '1234', '600000001'),
(329, 'Usuario329', 'usuario329', '1234', '600000001'),
(330, 'Usuario330', 'usuario330', '1234', '600000001'),
(331, 'Usuario331', 'usuario331', '1234', '600000001'),
(332, 'Usuario332', 'usuario332', '1234', '600000001'),
(333, 'Usuario333', 'usuario333', '1234', '600000001'),
(334, 'Usuario334', 'usuario334', '1234', '600000001'),
(335, 'Usuario335', 'usuario335', '1234', '600000001'),
(336, 'Usuario336', 'usuario336', '1234', '600000001'),
(337, 'Usuario337', 'usuario337', '1234', '600000001'),
(338, 'Usuario338', 'usuario338', '1234', '600000001'),
(339, 'Usuario339', 'usuario339', '1234', '600000001'),
(340, 'Usuario340', 'usuario340', '1234', '600000001'),
(341, 'Usuario341', 'usuario341', '1234', '600000001'),
(342, 'Usuario342', 'usuario342', '1234', '600000001'),
(343, 'Usuario343', 'usuario343', '1234', '60000230001'),
(344, 'Usuario344', 'usuario344', '1234', '600000001'),
(345, 'Usuario345', 'usuario345', '1234', '600000001'),
(346, 'Usuario346', 'usuario346', '1234', '6000100001'),
(347, 'Usuario347', 'usuario347', '1234', '600000001'),
(348, 'Usuario348', 'usuario348', '1234', '600000001'),
(349, 'Usuario349', 'usuario349', '1234', '600000001'),
(350, 'Usuario350', 'usuario350', '1234', '600000001'),
(351, 'Usuario351', 'usuario351', '1234', '600000001'),
(352, 'Usuario352', 'usuario352', '1234', '600000001'),
(353, 'Usuario353', 'usuario353', '1234', '600000001'),
(354, 'Usuario354', 'usuario354', '1234', '600000001'),
(355, 'Usuario355', 'usuario355', '1234', '600000001'),
(356, 'Usuario356', 'usuario356', '1234', '600000001'),
(357, 'Usuario357', 'usuario357', '1234', '600000001'),
(358, 'Usuario358', 'usuario358', '1234', '600000001'),
(359, 'Usuario359', 'usuario359', '1234', '600000001'),
(360, 'Usuario360', 'usuario360', '1234', '600000001'),
(361, 'Usuario361', 'usuario361', '1234', '600000001'),
(362, 'Usuario362', 'usuario362', '1234', '600000001'),
(363, 'Usuario363', 'usuario363', '1234', '600000001'),
(364, 'Usuario364', 'usuario364', '1234', '600000001'),
(365, 'Usuario365', 'usuario365', '1234', '600000001'),
(366, 'Usuario366', 'usuario366', '1234', '600000001'),
(367, 'Usuario367', 'usuario367', '1234', '600000001'),
(368, 'Usuario368', 'usuario368', '1234', '600000001'),
(369, 'Usuario369', 'usuario369', '1234', '600000001'),
(370, 'Usuario370', 'usuario370', '1234', '600000001'),
(371, 'Usuario371', 'usuario371', '1234', '600000001'),
(372, 'Usuario372', 'usuario372', '1234', '600000001'),
(373, 'Usuario373', 'usuario373', '1234', '600000001'),
(374, 'Usuario374', 'usuario374', '1234', '600010001'),
(375, 'Usuario375', 'usuario375', '1234', '600000001'),
(376, 'Usuario376', 'usuario376', '1234', '600000001'),
(377, 'Usuario377', 'usuario377', '1234', '600000001'),
(378, 'Usuario378', 'usuario378', '1234', '600000001'),
(379, 'Usuario379', 'usuario379', '1234', '600000001'),
(380, 'Usuario380', 'usuario380', '1234', '600000001'),
(381, 'Usuario381', 'usuario381', '1234', '600000001'),
(382, 'Usuario382', 'usuario382', '1234', '600000001'),
(383, 'Usuario383', 'usuario383', '1234', '600000001'),
(384, 'Usuario384', 'usuario384', '1234', '600000001'),
(385, 'Usuario385', 'usuario385', '1234', '600000001'),
(386, 'Usuario386', 'usuario386', '1234', '600000001'),
(387, 'Usuario387', 'usuario387', '1234', '600000001'),
(388, 'Usuario388', 'usuario388', '1234', '600000001'),
(389, 'Usuario389', 'usuario389', '1234', '601000001'),
(390, 'Usuario390', 'usuario390', '1234', '600000001'),
(391, 'Usuario391', 'usuario391', '1234', '600000001'),
(392, 'Usuario392', 'usuario392', '1234', '600000001'),
(393, 'Usuario393', 'usuario393', '1234', '600000001'),
(394, 'Usuario394', 'usuario394', '1234', '600000001'),
(395, 'Usuario395', 'usuario395', '1234', '600000001'),
(396, 'Usuario396', 'usuario396', '1234', '620000001'),
(397, 'Usuario397', 'usuario397', '1234', '6001200001'),
(398, 'Usuario398', 'usuario398', '1234', '600000001'),
(399, 'Usuario399', 'usuario399', '1234', '60001200001'),
(400, 'UsuarioPrueba', 'prueba@gmail.com', '1234', '600000999');

-- --------------------------------------------------------

--
-- Estructura de tabla para la tabla `valoracion`
--

CREATE TABLE `valoracion` (
  `id_comprador` int(11) NOT NULL,
  `id_vendedor` int(11) NOT NULL,
  `puntuacion` int(11) DEFAULT NULL CHECK (`puntuacion` between 1 and 5),
  `comentario` text DEFAULT NULL,
  `fecha_valoracion` date DEFAULT NULL
) ENGINE=InnoDB DEFAULT CHARSET=utf8mb4 COLLATE=utf8mb4_general_ci;

--
-- Volcado de datos para la tabla `valoracion`
--

INSERT INTO `valoracion` (`id_comprador`, `id_vendedor`, `puntuacion`, `comentario`, `fecha_valoracion`) VALUES
(201, 1, 2, 'Todo perfecto', '2024-01-01'),
(202, 2, 1, 'Buen vendedor', '2024-01-02'),
(203, 3, 5, 'Normal', '2024-01-03'),
(204, 4, 4, 'Muy recomendable', '2024-01-04'),
(205, 5, 3, 'Todo perfecto', '2024-01-05'),
(206, 6, 1, 'Buen vendedor', '2024-01-06'),
(207, 7, 5, 'Normal', '2024-01-07'),
(208, 8, 5, 'Muy recomendable', '2024-01-08'),
(209, 9, 3, 'Todo perfecto', '2024-01-09'),
(210, 10, 4, 'Todo perfecto', '2024-01-10'),
(211, 11, 5, 'Buen vendedor', '2024-01-11'),
(212, 12, 3, 'Normal', '2024-01-12'),
(213, 13, 5, 'Muy recomendable', '2024-01-13'),
(214, 14, 4, 'Todo perfecto', '2024-01-14'),
(215, 15, 3, 'Buen vendedor', '2024-01-15'),
(216, 16, 4, 'Normal', '2024-01-16'),
(217, 17, 1, 'Muy recomendable', '2024-01-17'),
(218, 18, 5, 'Todo perfecto', '2024-01-18'),
(219, 19, 5, 'Todo perfecto', '2024-01-19'),
(220, 20, 5, 'Buen vendedor', '2024-01-20'),
(221, 21, 3, 'Normal', '2024-01-21'),
(222, 22, 2, 'Muy recomendable', '2024-01-22'),
(223, 23, 5, 'Todo perfecto', '2024-01-23'),
(224, 24, 4, 'Buen vendedor', '2024-01-24'),
(225, 25, 1, 'Normal', '2024-01-25'),
(226, 26, 5, 'Muy recomendable', '2024-01-26'),
(227, 27, 5, 'Todo perfecto', '2024-01-27'),
(228, 28, 2, 'Todo perfecto', '2024-01-28'),
(229, 29, 5, 'Buen vendedor', '2024-01-29'),
(230, 30, 1, 'Normal', '2024-01-30'),
(231, 31, 5, 'Muy recomendable', '2024-02-01'),
(232, 32, 5, 'Todo perfecto', '2024-02-02'),
(233, 33, 5, 'Buen vendedor', '2024-02-03'),
(234, 34, 3, 'Normal', '2024-02-04'),
(235, 35, 2, 'Muy recomendable', '2024-02-05'),
(236, 36, 2, 'Todo perfecto', '2024-02-06'),
(237, 37, 1, 'Todo perfecto', '2024-02-07'),
(238, 38, 1, 'Buen vendedor', '2024-02-08'),
(239, 39, 4, 'Normal', '2024-02-09'),
(240, 40, 1, 'Muy recomendable', '2024-02-10'),
(241, 41, 5, 'Todo perfecto', '2024-02-11'),
(242, 42, 4, 'Buen vendedor', '2024-02-12'),
(243, 43, 3, 'Normal', '2024-02-13'),
(244, 44, 1, 'Muy recomendable', '2024-02-14'),
(245, 45, 3, 'Todo perfecto', '2024-02-15'),
(246, 46, 5, 'Todo perfecto', '2024-02-16'),
(247, 47, 1, 'Buen vendedor', '2024-02-17'),
(248, 48, 2, 'Normal', '2024-02-18'),
(249, 49, 1, 'Muy recomendable', '2024-02-19'),
(250, 50, 2, 'Todo perfecto', '2024-02-20'),
(251, 51, 2, 'Buen vendedor', '2024-02-21'),
(252, 52, 1, 'Normal', '2024-02-22'),
(253, 53, 3, 'Muy recomendable', '2024-02-23'),
(254, 54, 2, 'Todo perfecto', '2024-02-24'),
(255, 55, 5, 'Todo perfecto', '2024-02-25'),
(256, 56, 2, 'Buen vendedor', '2024-02-26'),
(257, 57, 4, 'Normal', '2024-02-27'),
(258, 58, 3, 'Muy recomendable', '2024-02-28'),
(259, 59, 5, 'Todo perfecto', '2024-02-29'),
(260, 60, 2, 'Buen vendedor', '0000-00-00'),
(261, 61, 1, 'Normal', '2024-03-01'),
(262, 62, 3, 'Muy recomendable', '2024-03-02'),
(263, 63, 3, 'Todo perfecto', '2024-03-03'),
(264, 64, 5, 'Todo perfecto', '2024-03-04'),
(265, 65, 5, 'Buen vendedor', '2024-03-05'),
(266, 66, 4, 'Normal', '2024-03-06'),
(267, 67, 5, 'Muy recomendable', '2024-03-07'),
(268, 68, 1, 'Todo perfecto', '2024-03-08'),
(269, 69, 3, 'Buen vendedor', '2024-03-09'),
(270, 70, 4, 'Normal', '2024-03-10'),
(271, 71, 5, 'Muy recomendable', '2024-03-11'),
(272, 72, 5, 'Todo perfecto', '2024-03-12'),
(273, 73, 1, 'Todo perfecto', '2024-03-13'),
(274, 74, 5, 'Buen vendedor', '2024-03-14'),
(275, 75, 3, 'Normal', '2024-03-15'),
(276, 76, 4, 'Muy recomendable', '2024-03-16'),
(277, 77, 1, 'Todo perfecto', '2024-03-17'),
(278, 78, 2, 'Buen vendedor', '2024-03-18'),
(279, 79, 3, 'Normal', '2024-03-19'),
(280, 80, 4, 'Muy recomendable', '2024-03-20'),
(281, 81, 1, 'Todo perfecto', '2024-03-21'),
(282, 82, 1, 'Todo perfecto', '2024-03-22'),
(283, 83, 2, 'Buen vendedor', '2024-03-23'),
(284, 84, 2, 'Normal', '2024-03-24'),
(285, 85, 4, 'Muy recomendable', '2024-03-25'),
(286, 86, 5, 'Todo perfecto', '2024-03-26'),
(287, 87, 5, 'Buen vendedor', '2024-03-27'),
(288, 88, 2, 'Normal', '2024-03-28'),
(289, 89, 3, 'Muy recomendable', '2024-03-29'),
(290, 90, 2, 'Todo perfecto', '2024-03-30'),
(291, 91, 1, 'Todo perfecto', '2024-04-01'),
(292, 92, 4, 'Buen vendedor', '2024-04-02'),
(293, 93, 5, 'Normal', '2024-04-03'),
(294, 94, 2, 'Muy recomendable', '2024-04-04'),
(295, 95, 4, 'Todo perfecto', '2024-04-05'),
(296, 96, 5, 'Buen vendedor', '2024-04-06'),
(297, 97, 3, 'Normal', '2024-04-07'),
(298, 98, 2, 'Muy recomendable', '2024-04-08'),
(299, 99, 2, 'Todo perfecto', '2024-04-09'),
(300, 100, 2, 'Todo perfecto', '2024-04-10'),
(301, 101, 4, 'Buen vendedor', '2024-04-11'),
(302, 102, 4, 'Normal', '2024-04-12'),
(303, 103, 3, 'Muy recomendable', '2024-04-13'),
(304, 104, 3, 'Todo perfecto', '2024-04-14'),
(305, 105, 3, 'Buen vendedor', '2024-04-15'),
(306, 106, 4, 'Normal', '2024-04-16'),
(307, 107, 2, 'Muy recomendable', '2024-04-17'),
(308, 108, 3, 'Todo perfecto', '2024-04-18'),
(309, 109, 2, 'Todo perfecto', '2024-04-19'),
(310, 110, 1, 'Buen vendedor', '2024-04-20'),
(311, 111, 4, 'Normal', '2024-04-21'),
(312, 112, 1, 'Muy recomendable', '2024-04-22'),
(313, 113, 2, 'Todo perfecto', '2024-04-23'),
(314, 114, 1, 'Buen vendedor', '2024-04-24'),
(315, 115, 1, 'Normal', '2024-04-25'),
(316, 116, 4, 'Muy recomendable', '2024-04-26'),
(317, 117, 1, 'Todo perfecto', '2024-04-27'),
(318, 118, 5, 'Todo perfecto', '2024-04-28'),
(319, 119, 1, 'Buen vendedor', '2024-04-29'),
(320, 120, 2, 'Normal', '2024-04-30'),
(321, 121, 1, 'Muy recomendable', '2025-05-01'),
(322, 122, 5, 'Todo perfecto', '2025-05-02'),
(323, 123, 3, 'Buen vendedor', '2025-05-03'),
(324, 124, 3, 'Normal', '2025-05-04'),
(325, 125, 4, 'Muy recomendable', '2025-05-05'),
(326, 126, 3, 'Todo perfecto', '2025-05-06'),
(327, 127, 5, 'Todo perfecto', '2025-05-07'),
(328, 128, 5, 'Buen vendedor', '2025-05-08'),
(329, 129, 2, 'Normal', '2025-05-09'),
(330, 130, 3, 'Muy recomendable', '2025-05-10'),
(331, 131, 1, 'Todo perfecto', '2025-05-11'),
(332, 132, 4, 'Buen vendedor', '2025-05-12'),
(333, 133, 5, 'Normal', '2025-05-13'),
(334, 134, 4, 'Muy recomendable', '2025-05-14'),
(335, 135, 5, 'Todo perfecto', '2025-05-15'),
(336, 136, 4, 'Todo perfecto', '2025-05-16'),
(337, 137, 2, 'Buen vendedor', '2025-05-17'),
(338, 138, 2, 'Normal', '2025-05-18'),
(339, 139, 1, 'Muy recomendable', '2025-05-19'),
(340, 140, 1, 'Todo perfecto', '2025-05-20'),
(341, 141, 3, 'Buen vendedor', '2025-05-21'),
(342, 142, 4, 'Normal', '2025-05-22'),
(343, 143, 3, 'Muy recomendable', '2025-05-23'),
(344, 144, 1, 'Todo perfecto', '2025-05-24'),
(345, 145, 2, 'Todo perfecto', '2025-05-25'),
(346, 146, 5, 'Buen vendedor', '2025-05-26'),
(347, 147, 5, 'Normal', '2025-05-27'),
(348, 148, 5, 'Muy recomendable', '2025-05-28'),
(349, 149, 1, 'Todo perfecto', '2025-05-29'),
(350, 150, 3, 'Buen vendedor', '2025-05-30'),
(351, 151, 4, 'Normal', '2024-06-01'),
(352, 152, 1, 'Muy recomendable', '2024-06-02'),
(353, 153, 3, 'Todo perfecto', '2024-06-03'),
(354, 154, 3, 'Todo perfecto', '2024-06-04'),
(355, 155, 2, 'Buen vendedor', '2024-06-05'),
(356, 156, 5, 'Normal', '2024-06-06'),
(357, 157, 3, 'Muy recomendable', '2024-06-07'),
(358, 158, 3, 'Todo perfecto', '2024-06-08'),
(359, 159, 2, 'Buen vendedor', '2024-06-09'),
(360, 160, 1, 'Normal', '2024-06-10'),
(361, 161, 3, 'Muy recomendable', '2024-06-11'),
(362, 162, 2, 'Todo perfecto', '2024-06-12'),
(363, 163, 3, 'Todo perfecto', '2024-06-13'),
(364, 164, 3, 'Buen vendedor', '2024-06-14'),
(365, 165, 2, 'Normal', '2024-06-15'),
(366, 166, 3, 'Muy recomendable', '2024-06-16'),
(367, 167, 5, 'Todo perfecto', '2024-06-17'),
(368, 168, 1, 'Buen vendedor', '2024-06-18'),
(369, 169, 1, 'Normal', '2024-06-19'),
(370, 170, 2, 'Muy recomendable', '2024-06-20'),
(371, 171, 2, 'Todo perfecto', '2024-06-21'),
(372, 172, 3, 'Todo perfecto', '2024-06-22'),
(373, 173, 3, 'Buen vendedor', '2024-06-23'),
(374, 174, 1, 'Normal', '2024-06-24'),
(375, 175, 4, 'Muy recomendable', '2024-06-25'),
(376, 176, 4, 'Todo perfecto', '2024-06-26'),
(377, 177, 3, 'Buen vendedor', '2024-07-01'),
(378, 178, 2, 'Normal', '2024-07-02'),
(379, 179, 5, 'Muy recomendable', '2024-07-03'),
(380, 180, 2, 'Todo perfecto', '2024-07-04'),
(381, 181, 3, 'Todo perfecto', '2024-07-05'),
(382, 182, 5, 'Buen vendedor', '2024-07-06'),
(383, 183, 1, 'Normal', '2024-07-07'),
(384, 184, 4, 'Muy recomendable', '2024-07-08'),
(385, 185, 2, 'Todo perfecto', '2024-07-09'),
(386, 186, 1, 'Buen vendedor', '2024-07-10'),
(387, 187, 1, 'Normal', '2024-07-11'),
(388, 188, 1, 'Muy recomendable', '2024-07-12'),
(389, 189, 3, 'Todo perfecto', '2024-07-13'),
(390, 190, 3, 'Todo perfecto', '2024-07-14'),
(391, 191, 5, 'Buen vendedor', '2024-07-15'),
(392, 192, 3, 'Normal', '2024-07-16'),
(393, 193, 2, 'Muy recomendable', '2024-07-17'),
(394, 194, 5, 'Todo perfecto', '2024-07-18'),
(395, 195, 4, 'Buen vendedor', '2024-07-19'),
(396, 196, 4, 'Normal', '2024-07-20'),
(397, 197, 5, 'Muy recomendable', '2024-07-21'),
(398, 198, 3, 'Todo perfecto', '2024-07-22'),
(399, 199, 5, 'Todo perfecto', '2024-07-23');

-- --------------------------------------------------------

--
-- Estructura de tabla para la tabla `vendedor`
--

CREATE TABLE `vendedor` (
  `id_usuario` int(11) NOT NULL
) ENGINE=InnoDB DEFAULT CHARSET=utf8mb4 COLLATE=utf8mb4_general_ci;

--
-- Volcado de datos para la tabla `vendedor`
--

INSERT INTO `vendedor` (`id_usuario`) VALUES
(1),
(2),
(3),
(4),
(5),
(6),
(7),
(8),
(9),
(10),
(11),
(12),
(13),
(14),
(15),
(16),
(17),
(18),
(19),
(20),
(21),
(22),
(23),
(24),
(25),
(26),
(27),
(28),
(29),
(30),
(31),
(32),
(33),
(34),
(35),
(36),
(37),
(38),
(39),
(40),
(41),
(42),
(43),
(44),
(45),
(46),
(47),
(48),
(49),
(50),
(51),
(52),
(53),
(54),
(55),
(56),
(57),
(58),
(59),
(60),
(61),
(62),
(63),
(64),
(65),
(66),
(67),
(68),
(69),
(70),
(71),
(72),
(73),
(74),
(75),
(76),
(77),
(78),
(79),
(80),
(81),
(82),
(83),
(84),
(85),
(86),
(87),
(88),
(89),
(90),
(91),
(92),
(93),
(94),
(95),
(96),
(97),
(98),
(99),
(100),
(101),
(102),
(103),
(104),
(105),
(106),
(107),
(108),
(109),
(110),
(111),
(112),
(113),
(114),
(115),
(116),
(117),
(118),
(119),
(120),
(121),
(122),
(123),
(124),
(125),
(126),
(127),
(128),
(129),
(130),
(131),
(132),
(133),
(134),
(135),
(136),
(137),
(138),
(139),
(140),
(141),
(142),
(143),
(144),
(145),
(146),
(147),
(148),
(149),
(150),
(151),
(152),
(153),
(154),
(155),
(156),
(157),
(158),
(159),
(160),
(161),
(162),
(163),
(164),
(165),
(166),
(167),
(168),
(169),
(170),
(171),
(172),
(173),
(174),
(175),
(176),
(177),
(178),
(179),
(180),
(181),
(182),
(183),
(184),
(185),
(186),
(187),
(188),
(189),
(190),
(191),
(192),
(193),
(194),
(195),
(196),
(197),
(198),
(199),
(200);

--
-- Índices para tablas volcadas
--

--
-- Indices de la tabla `categoria`
--
ALTER TABLE `categoria`
  ADD PRIMARY KEY (`id_categoria`);

--
-- Indices de la tabla `comprador`
--
ALTER TABLE `comprador`
  ADD PRIMARY KEY (`id_usuario`);

--
-- Indices de la tabla `favorito`
--
ALTER TABLE `favorito`
  ADD PRIMARY KEY (`id_usuario`,`id_producto`),
  ADD KEY `id_producto` (`id_producto`);

--
-- Indices de la tabla `mensaje`
--
ALTER TABLE `mensaje`
  ADD PRIMARY KEY (`id_mensaje`),
  ADD KEY `id_emisor` (`id_emisor`),
  ADD KEY `id_receptor` (`id_receptor`);

--
-- Indices de la tabla `producto`
--
ALTER TABLE `producto`
  ADD PRIMARY KEY (`id_producto`),
  ADD KEY `id_vendedor` (`id_vendedor`);

--
-- Indices de la tabla `producto_categoria`
--
ALTER TABLE `producto_categoria`
  ADD PRIMARY KEY (`id_producto`,`id_categoria`),
  ADD KEY `id_categoria` (`id_categoria`);

--
-- Indices de la tabla `usuario`
--
ALTER TABLE `usuario`
  ADD PRIMARY KEY (`id_usuario`),
  ADD UNIQUE KEY `email` (`email`);

--
-- Indices de la tabla `valoracion`
--
ALTER TABLE `valoracion`
  ADD PRIMARY KEY (`id_comprador`,`id_vendedor`),
  ADD KEY `id_vendedor` (`id_vendedor`);

--
-- Indices de la tabla `vendedor`
--
ALTER TABLE `vendedor`
  ADD PRIMARY KEY (`id_usuario`);

--
-- AUTO_INCREMENT de las tablas volcadas
--

--
-- AUTO_INCREMENT de la tabla `categoria`
--
ALTER TABLE `categoria`
  MODIFY `id_categoria` int(11) NOT NULL AUTO_INCREMENT, AUTO_INCREMENT=21;

--
-- AUTO_INCREMENT de la tabla `mensaje`
--
ALTER TABLE `mensaje`
  MODIFY `id_mensaje` int(11) NOT NULL AUTO_INCREMENT, AUTO_INCREMENT=401;

--
-- AUTO_INCREMENT de la tabla `producto`
--
ALTER TABLE `producto`
  MODIFY `id_producto` int(11) NOT NULL AUTO_INCREMENT, AUTO_INCREMENT=201;

--
-- AUTO_INCREMENT de la tabla `usuario`
--
ALTER TABLE `usuario`
  MODIFY `id_usuario` int(11) NOT NULL AUTO_INCREMENT, AUTO_INCREMENT=401;

--
-- Restricciones para tablas volcadas
--

--
-- Filtros para la tabla `comprador`
--
ALTER TABLE `comprador`
  ADD CONSTRAINT `comprador_ibfk_1` FOREIGN KEY (`id_usuario`) REFERENCES `usuario` (`id_usuario`) ON DELETE CASCADE ON UPDATE CASCADE;

--
-- Filtros para la tabla `favorito`
--
ALTER TABLE `favorito`
  ADD CONSTRAINT `favorito_ibfk_1` FOREIGN KEY (`id_usuario`) REFERENCES `usuario` (`id_usuario`) ON DELETE CASCADE ON UPDATE CASCADE,
  ADD CONSTRAINT `favorito_ibfk_2` FOREIGN KEY (`id_producto`) REFERENCES `producto` (`id_producto`) ON DELETE CASCADE ON UPDATE CASCADE;

--
-- Filtros para la tabla `mensaje`
--
ALTER TABLE `mensaje`
  ADD CONSTRAINT `mensaje_ibfk_1` FOREIGN KEY (`id_emisor`) REFERENCES `usuario` (`id_usuario`) ON DELETE CASCADE ON UPDATE CASCADE,
  ADD CONSTRAINT `mensaje_ibfk_2` FOREIGN KEY (`id_receptor`) REFERENCES `usuario` (`id_usuario`) ON DELETE CASCADE ON UPDATE CASCADE;

--
-- Filtros para la tabla `producto`
--
ALTER TABLE `producto`
  ADD CONSTRAINT `producto_ibfk_1` FOREIGN KEY (`id_vendedor`) REFERENCES `vendedor` (`id_usuario`) ON DELETE CASCADE ON UPDATE CASCADE;

--
-- Filtros para la tabla `producto_categoria`
--
ALTER TABLE `producto_categoria`
  ADD CONSTRAINT `producto_categoria_ibfk_1` FOREIGN KEY (`id_producto`) REFERENCES `producto` (`id_producto`) ON DELETE CASCADE ON UPDATE CASCADE,
  ADD CONSTRAINT `producto_categoria_ibfk_2` FOREIGN KEY (`id_categoria`) REFERENCES `categoria` (`id_categoria`) ON UPDATE CASCADE;

--
-- Filtros para la tabla `valoracion`
--
ALTER TABLE `valoracion`
  ADD CONSTRAINT `valoracion_ibfk_1` FOREIGN KEY (`id_comprador`) REFERENCES `comprador` (`id_usuario`) ON DELETE CASCADE ON UPDATE CASCADE,
  ADD CONSTRAINT `valoracion_ibfk_2` FOREIGN KEY (`id_vendedor`) REFERENCES `vendedor` (`id_usuario`) ON DELETE CASCADE ON UPDATE CASCADE;

--
-- Filtros para la tabla `vendedor`
--
ALTER TABLE `vendedor`
  ADD CONSTRAINT `vendedor_ibfk_1` FOREIGN KEY (`id_usuario`) REFERENCES `usuario` (`id_usuario`) ON DELETE CASCADE ON UPDATE CASCADE;
COMMIT;

/*!40101 SET CHARACTER_SET_CLIENT=@OLD_CHARACTER_SET_CLIENT */;
/*!40101 SET CHARACTER_SET_RESULTS=@OLD_CHARACTER_SET_RESULTS */;
/*!40101 SET COLLATION_CONNECTION=@OLD_COLLATION_CONNECTION */;
